CustomerID,InvoiceNo,Description,Quantity,UnitPrice,InvoiceDate
C0164,INV11825,Bread,6,5.53,2026-01-29 10:47:00
C0027,INV18936,Eggs,5,8.06,2026-01-04 09:13:00
C0060,INV18280,Diapers,1,10.45,2026-04-02 18:44:00
C0140,INV16874,Tomato,4,10.94,2026-04-14 21:00:00
C0195,INV12616,Apple,3,5.58,2026-01-28 20:21:00
C0027,INV11520,Snacks,1,6.97,2026-02-14 17:16:00
C0207,INV10712,Banana,5,2.95,2026-04-29 14:05:00
C0142,INV14804,Diapers,3,10.73,2026-04-01 09:02:00
C0170,INV13734,Oil,1,15.51,2026-04-21 09:24:00
C0072,INV17429,Juice,2,7.17,2026-01-27 18:17:00
C0180,INV11170,Diapers,6,3.74,2026-04-04 11:10:00
C0119,INV16217,Onion,6,12.64,2026-01-29 18:20:00
C0216,INV10917,Tomato,1,14.65,2026-02-21 12:04:00
C0055,INV15156,Chicken,6,9.39,2026-04-24 22:41:00
C0118,INV12341,Onion,2,5.04,2026-03-13 16:16:00
C0192,INV17020,Wine,4,7.03,2026-01-18 16:31:00
C0024,INV10772,Butter,2,11.59,2026-04-12 18:27:00
C0153,INV11041,Snacks,4,11.05,2026-03-01 16:16:00
C0142,INV10189,Butter,6,16.02,2026-04-07 12:49:00
C0165,INV15574,Butter,3,8.28,2026-02-28 08:46:00
C0185,INV14316,Granola,2,9.53,2026-01-14 21:40:00
C0077,INV18318,Diapers,2,3.43,2026-04-08 10:34:00
C0200,INV18690,Bread,5,6.38,2026-01-03 09:59:00
C0093,INV15039,Tomato,1,4.94,2026-03-14 09:05:00
C0188,INV17963,Eggs,5,13.97,2026-01-17 18:30:00
C0141,INV12706,Onion,5,15.81,2026-02-24 11:59:00
C0139,INV13296,Oil,4,17.92,2026-03-25 13:28:00
C0133,INV17398,Butter,2,4.66,2026-02-13 08:37:00
C0142,INV13771,Wine,2,0.92,2026-04-01 18:03:00
C0059,INV11105,Milk,3,2.02,2026-01-31 12:42:00
C0125,INV13511,Steak,2,13.24,2026-04-23 17:36:00
C0122,INV13982,Yogurt,4,4.08,2026-01-13 18:27:00
C0091,INV16940,Apple,4,15.66,2026-01-07 18:41:00
C0166,INV11613,Milk,4,13.33,2026-04-13 21:06:00
C0064,INV13140,Chicken,5,8.52,2026-02-24 10:17:00
C0119,INV14093,Eggs,4,14.7,2026-04-20 16:06:00
C0013,INV18857,Bread,1,16.73,2026-04-19 11:10:00
C0105,INV17957,Yogurt,2,15.67,2026-04-26 08:10:00
C0098,INV10036,Snacks,3,16.74,2026-04-11 15:18:00
C0109,INV17974,Cheese,2,5.9,2026-01-08 17:47:00
C0139,INV10999,Cereal,1,1.66,2026-03-03 16:58:00
C0219,INV18702,Rice,1,17.33,2026-01-11 21:11:00
C0018,INV11114,Tomato,4,2.86,2026-04-24 17:15:00
C0149,INV10652,Diapers,1,8.01,2026-03-16 17:33:00
C0081,INV14273,Chicken,6,13.12,2026-01-31 12:25:00
C0034,INV14916,Banana,3,16.78,2026-04-30 09:00:00
C0118,INV11639,Eggs,5,4.47,2026-02-03 10:59:00
C0090,INV11128,Tomato,3,5.7,2026-02-26 21:34:00
C0181,INV14957,Diapers,6,9.9,2026-03-27 21:35:00
C0077,INV11698,Cheese,3,2.79,2026-01-14 19:35:00
C0040,INV14463,Oil,5,4.42,2026-02-13 11:43:00
C0163,INV14326,Granola,4,5.12,2026-04-27 21:03:00
C0024,INV16940,Onion,1,0.86,2026-04-09 10:40:00
C0068,INV12648,Banana,5,12.94,2026-03-13 08:07:00
C0020,INV12443,Steak,1,15.16,2026-03-16 16:09:00
C0111,INV12089,Milk,3,7.07,2026-04-30 20:55:00
C0011,INV15863,Chicken,6,5.09,2026-01-14 13:49:00
C0144,INV16659,Diapers,6,3.46,2026-04-30 11:55:00
C0042,INV12901,Apple,1,3.89,2026-04-29 13:50:00
C0106,INV14066,Onion,2,14.34,2026-01-14 14:55:00
C0010,INV17712,Tomato,2,14.85,2026-02-28 13:19:00
C0211,INV13729,Tomato,1,12.15,2026-02-21 13:17:00
C0018,INV14574,Juice,6,9.56,2026-03-28 21:34:00
C0085,INV10453,Butter,3,3.87,2026-02-03 08:06:00
C0153,INV17120,Juice,6,14.33,2026-02-25 17:32:00
C0030,INV16312,Wine,2,5.18,2026-04-01 14:00:00
C0134,INV18822,Chicken,3,8.22,2026-03-27 22:21:00
C0160,INV15144,Butter,6,16.28,2026-03-06 12:42:00
C0105,INV15345,Snacks,6,5.89,2026-01-17 11:26:00
C0171,INV16212,Rice,5,10.59,2026-02-21 16:53:00
C0001,INV14979,Oil,2,8.19,2026-03-16 17:41:00
C0083,INV17619,Banana,4,12.42,2026-03-07 15:50:00
C0204,INV12781,Eggs,3,9.67,2026-03-23 17:21:00
C0024,INV13849,Oil,2,14.67,2026-01-19 08:02:00
C0063,INV17785,Diapers,1,8.63,2026-04-24 18:36:00
C0050,INV16292,Yogurt,4,5.0,2026-03-25 19:00:00
C0193,INV11747,Apple,2,3.83,2026-03-31 16:29:00
C0013,INV14083,Butter,4,3.09,2026-03-01 18:33:00
C0144,INV15199,Banana,5,14.82,2026-04-25 16:27:00
C0213,INV18977,Banana,2,13.59,2026-03-02 15:16:00
C0193,INV14051,Onion,5,9.14,2026-01-31 12:28:00
C0020,INV14682,Tomato,3,6.58,2026-04-25 16:05:00
C0036,INV12472,Tomato,4,12.74,2026-04-01 11:04:00
C0107,INV16679,Cereal,5,8.81,2026-01-08 11:53:00
C0108,INV16382,Wine,6,1.14,2026-04-23 20:36:00
C0098,INV17815,Bread,3,5.94,2026-02-19 21:57:00
C0214,INV16866,Steak,6,13.44,2026-04-13 17:57:00
C0057,INV18000,Tomato,3,8.3,2026-01-04 14:21:00
C0172,INV16625,Rice,4,16.62,2026-03-21 16:01:00
C0101,INV10445,Eggs,6,8.17,2026-04-21 15:11:00
C0013,INV14263,Snacks,3,4.44,2026-02-11 13:48:00
C0098,INV14559,Apple,3,15.16,2026-03-02 08:47:00
C0139,INV10854,Juice,2,11.98,2026-04-10 18:02:00
C0194,INV10509,Tomato,2,15.23,2026-03-21 10:15:00
C0033,INV17759,Butter,5,17.1,2026-03-01 19:16:00
C0197,INV16044,Rice,5,11.24,2026-04-06 19:07:00
C0200,INV12684,Oil,1,10.75,2026-04-29 12:36:00
C0174,INV16150,Snacks,6,4.21,2026-03-17 19:53:00
C0161,INV13979,Butter,6,14.09,2026-04-19 18:38:00
C0207,INV11984,Wine,1,6.77,2026-02-24 18:23:00
C0018,INV18290,Cereal,1,15.41,2026-04-16 15:06:00
C0111,INV15935,Banana,6,3.43,2026-01-23 19:33:00
C0167,INV14426,Diapers,5,14.12,2026-03-01 14:52:00
C0188,INV14398,Cereal,2,15.09,2026-01-12 12:56:00
C0116,INV13996,Banana,5,11.3,2026-02-18 13:01:00
C0127,INV15326,Rice,4,4.45,2026-04-13 12:21:00
C0072,INV14527,Steak,1,9.69,2026-01-25 09:15:00
C0185,INV16659,Yogurt,5,13.84,2026-03-30 15:41:00
C0183,INV18042,Banana,1,2.4,2026-01-29 14:44:00
C0063,INV15017,Wine,3,8.94,2026-03-09 13:27:00
C0191,INV15420,Juice,6,8.6,2026-02-09 12:14:00
C0031,INV13156,Cereal,1,13.58,2026-04-08 19:11:00
C0050,INV13546,Yogurt,3,13.26,2026-04-08 16:38:00
C0073,INV11648,Chicken,3,4.71,2026-01-23 12:00:00
C0182,INV18752,Cheese,3,1.58,2026-01-07 16:18:00
C0179,INV12069,Yogurt,1,15.81,2026-03-15 12:30:00
C0123,INV17217,Cereal,2,17.41,2026-02-02 21:30:00
C0030,INV11071,Snacks,4,2.07,2026-03-22 18:03:00
C0039,INV12445,Wine,3,2.27,2026-02-01 09:35:00
C0196,INV16819,Diapers,5,14.4,2026-01-29 20:33:00
C0098,INV17382,Banana,3,15.59,2026-02-24 12:36:00
C0159,INV10987,Diapers,6,2.51,2026-04-08 11:40:00
C0055,INV14336,Eggs,2,4.93,2026-03-12 09:10:00
C0001,INV16694,Banana,6,11.01,2026-02-07 08:14:00
C0074,INV14633,Banana,1,12.62,2026-04-29 12:50:00
C0203,INV13242,Apple,1,10.17,2026-03-24 10:58:00
C0069,INV12331,Eggs,1,3.65,2026-02-09 17:47:00
C0212,INV14729,Banana,1,8.86,2026-02-08 19:25:00
C0070,INV18200,Steak,4,8.33,2026-03-18 08:56:00
C0111,INV15281,Diapers,3,1.24,2026-01-30 18:53:00
C0148,INV10340,Onion,5,1.49,2026-04-07 10:30:00
C0133,INV17246,Onion,2,17.95,2026-02-25 18:52:00
C0126,INV11495,Yogurt,3,7.82,2026-02-11 18:06:00
C0220,INV12635,Cereal,4,12.73,2026-02-06 18:25:00
C0209,INV10602,Banana,1,6.21,2026-02-11 09:49:00
C0104,INV18432,Bread,6,15.75,2026-03-01 14:03:00
C0049,INV18495,Juice,5,13.81,2026-03-22 15:48:00
C0014,INV13336,Onion,5,3.05,2026-02-06 15:56:00
C0179,INV17942,Butter,1,17.54,2026-03-19 20:15:00
C0182,INV12595,Oil,5,1.04,2026-02-22 09:14:00
C0216,INV11859,Banana,1,11.94,2026-01-20 15:59:00
C0184,INV14782,Granola,6,5.5,2026-04-17 15:30:00
C0063,INV17484,Steak,2,7.4,2026-04-28 17:32:00
C0192,INV12237,Eggs,3,14.09,2026-04-20 14:21:00
C0202,INV18319,Onion,1,5.66,2026-02-08 21:37:00
C0149,INV18023,Cheese,4,10.06,2026-02-14 13:35:00
C0196,INV18904,Snacks,4,16.85,2026-04-22 11:44:00
C0062,INV16275,Tomato,4,1.55,2026-04-06 15:45:00
C0208,INV16247,Snacks,6,14.43,2026-03-25 10:31:00
C0010,INV12069,Granola,5,6.51,2026-01-13 21:54:00
C0113,INV11634,Granola,4,1.06,2026-01-19 14:55:00
C0168,INV12530,Eggs,4,14.24,2026-02-03 13:39:00
C0178,INV16513,Eggs,3,15.46,2026-04-20 16:24:00
C0082,INV17995,Steak,1,11.42,2026-01-31 18:43:00
C0074,INV13728,Eggs,4,17.63,2026-04-08 18:45:00
C0026,INV17270,Rice,6,5.95,2026-01-04 08:20:00
C0204,INV10920,Oil,3,7.25,2026-01-19 11:33:00
C0106,INV12951,Rice,2,2.16,2026-04-22 14:39:00
C0175,INV13946,Yogurt,5,3.26,2026-03-01 18:16:00
C0118,INV14184,Bread,4,16.3,2026-03-28 16:10:00
C0019,INV17238,Juice,5,5.95,2026-02-24 19:16:00
C0117,INV14950,Chicken,4,15.48,2026-01-14 11:24:00
C0147,INV15882,Wine,3,17.87,2026-02-07 08:53:00
C0169,INV16485,Onion,1,10.53,2026-03-29 20:47:00
C0013,INV18139,Oil,2,11.24,2026-02-15 11:40:00
C0049,INV14107,Cheese,6,2.47,2026-03-22 18:02:00
C0080,INV17223,Milk,5,7.08,2026-01-17 09:58:00
C0076,INV15353,Apple,2,4.25,2026-04-11 16:56:00
C0094,INV18698,Granola,3,15.08,2026-02-02 22:52:00
C0124,INV14836,Cereal,1,8.86,2026-01-10 10:48:00
C0058,INV16512,Steak,3,2.35,2026-02-20 08:16:00
C0138,INV12025,Banana,3,12.37,2026-03-28 12:37:00
C0098,INV16087,Butter,6,4.82,2026-01-04 17:56:00
C0144,INV15375,Diapers,2,11.94,2026-03-23 21:29:00
C0180,INV14952,Apple,1,3.2,2026-01-05 12:31:00
C0030,INV11593,Tomato,5,3.13,2026-02-28 13:42:00
C0191,INV18851,Apple,5,13.57,2026-01-20 22:26:00
C0168,INV11623,Yogurt,5,7.82,2026-02-05 08:44:00
C0095,INV13560,Banana,4,17.15,2026-04-20 13:06:00
C0176,INV16019,Steak,6,6.97,2026-02-20 12:12:00
C0032,INV17451,Eggs,6,4.45,2026-03-23 17:01:00
C0013,INV15465,Tomato,2,14.34,2026-01-27 09:53:00
C0196,INV13395,Wine,2,14.78,2026-01-30 13:49:00
C0038,INV10047,Onion,2,17.79,2026-03-11 12:51:00
C0045,INV11802,Bread,2,1.06,2026-04-12 20:15:00
C0151,INV15305,Bread,2,5.36,2026-01-17 19:26:00
C0135,INV11863,Eggs,4,8.51,2026-02-16 16:37:00
C0028,INV17406,Granola,2,17.06,2026-01-06 19:50:00
C0169,INV18544,Oil,4,11.87,2026-01-04 08:30:00
C0217,INV16581,Apple,6,2.66,2026-04-02 22:28:00
C0019,INV11324,Cereal,5,3.35,2026-01-17 12:39:00
C0163,INV18985,Cereal,4,17.91,2026-03-09 12:29:00
C0130,INV17049,Butter,6,2.77,2026-03-25 18:56:00
C0197,INV13523,Apple,4,16.08,2026-02-22 13:52:00
C0117,INV16533,Apple,6,2.44,2026-02-24 13:42:00
C0066,INV16133,Cheese,6,16.68,2026-01-09 09:53:00
C0022,INV11528,Apple,1,13.61,2026-02-17 20:08:00
C0143,INV10983,Wine,5,10.46,2026-03-27 09:26:00
C0091,INV16930,Milk,3,11.13,2026-02-15 09:36:00
C0130,INV13486,Cheese,6,9.09,2026-04-19 09:22:00
C0217,INV16023,Butter,3,10.67,2026-04-14 14:54:00
C0144,INV10431,Diapers,6,15.07,2026-02-04 08:11:00
C0070,INV15063,Cereal,3,0.91,2026-04-22 10:36:00
C0169,INV16567,Eggs,2,13.54,2026-01-04 09:47:00
C0136,INV13525,Snacks,4,8.6,2026-01-21 13:19:00
C0185,INV15315,Wine,5,2.26,2026-01-07 10:10:00
C0194,INV10816,Eggs,3,8.42,2026-02-24 15:38:00
C0114,INV16786,Onion,2,13.79,2026-01-15 13:27:00
C0029,INV14641,Wine,4,9.86,2026-02-09 08:14:00
C0102,INV10898,Bread,2,5.98,2026-01-28 20:08:00
C0196,INV14187,Oil,3,2.86,2026-03-05 19:27:00
C0045,INV12117,Snacks,5,12.9,2026-03-06 16:53:00
C0172,INV15803,Eggs,4,15.62,2026-01-06 14:01:00
C0118,INV11276,Cereal,5,8.18,2026-02-21 19:40:00
C0107,INV14744,Butter,4,1.16,2026-02-11 10:51:00
C0159,INV17539,Juice,1,8.31,2026-01-14 11:27:00
C0151,INV16561,Granola,1,7.61,2026-02-09 19:21:00
C0057,INV15457,Rice,1,9.58,2026-01-15 16:32:00
C0050,INV15725,Juice,6,17.28,2026-03-24 21:09:00
C0061,INV11685,Cheese,3,4.19,2026-03-19 10:48:00
C0195,INV11235,Rice,6,9.3,2026-04-07 17:48:00
C0149,INV17355,Wine,6,11.73,2026-03-21 13:55:00
C0161,INV15180,Cheese,4,1.97,2026-02-26 18:19:00
C0204,INV14501,Wine,1,6.85,2026-01-10 12:29:00
C0116,INV10617,Milk,3,15.11,2026-01-10 18:55:00
C0219,INV11480,Diapers,5,9.52,2026-03-01 17:35:00
C0203,INV10673,Banana,5,12.01,2026-02-11 17:30:00
C0129,INV12472,Milk,4,2.58,2026-04-26 21:21:00
C0183,INV11382,Granola,6,3.77,2026-02-01 19:28:00
C0113,INV18587,Granola,5,3.53,2026-02-17 22:18:00
C0100,INV16698,Cereal,6,11.08,2026-04-12 18:41:00
C0086,INV11080,Cereal,1,10.4,2026-02-19 12:16:00
C0186,INV12464,Cereal,1,10.82,2026-01-19 22:22:00
C0080,INV16422,Cheese,5,12.99,2026-01-11 12:35:00
C0097,INV15382,Cheese,6,12.89,2026-04-05 18:58:00
C0135,INV11532,Apple,5,7.02,2026-02-16 12:11:00
C0055,INV15599,Yogurt,2,4.7,2026-01-18 10:04:00
C0076,INV11658,Granola,5,15.16,2026-04-24 16:02:00
C0170,INV15518,Diapers,2,11.07,2026-01-20 10:11:00
C0213,INV12713,Banana,1,7.87,2026-03-28 19:15:00
C0114,INV14669,Banana,2,9.98,2026-02-09 20:50:00
C0121,INV13179,Juice,6,17.09,2026-02-26 15:49:00
C0073,INV16257,Granola,5,8.0,2026-01-21 21:12:00
C0206,INV12268,Onion,1,11.83,2026-04-22 13:35:00
C0027,INV18453,Butter,3,2.24,2026-01-21 12:28:00
C0132,INV12415,Apple,1,17.08,2026-01-29 21:28:00
C0090,INV10437,Apple,1,7.62,2026-02-17 11:24:00
C0021,INV16143,Tomato,1,6.28,2026-01-13 21:45:00
C0167,INV15494,Cheese,2,1.46,2026-04-28 21:30:00
C0179,INV12274,Yogurt,4,11.38,2026-04-26 09:01:00
C0066,INV13534,Cheese,5,16.97,2026-03-19 16:27:00
C0029,INV14721,Tomato,3,2.9,2026-01-31 14:40:00
C0204,INV17490,Eggs,1,15.19,2026-03-05 17:34:00
C0005,INV18444,Wine,2,13.16,2026-02-07 14:00:00
C0158,INV15781,Tomato,5,7.96,2026-03-27 18:05:00
C0135,INV15909,Eggs,5,10.16,2026-04-11 16:35:00
C0006,INV16398,Yogurt,1,11.73,2026-02-17 12:47:00
C0005,INV15851,Eggs,3,4.95,2026-03-26 18:06:00
C0198,INV15448,Cheese,1,6.86,2026-02-13 21:41:00
C0045,INV17613,Yogurt,6,3.94,2026-01-18 09:45:00
C0199,INV17499,Milk,3,4.27,2026-04-12 11:56:00
C0011,INV15171,Oil,5,7.65,2026-04-15 16:30:00
C0065,INV10600,Chicken,3,6.94,2026-04-10 08:55:00
C0168,INV15439,Onion,1,14.55,2026-02-25 22:25:00
C0191,INV17205,Snacks,3,17.55,2026-03-05 19:31:00
C0095,INV18508,Onion,1,13.31,2026-01-11 14:38:00
C0211,INV12957,Steak,3,6.32,2026-01-11 13:42:00
C0076,INV15022,Banana,5,13.14,2026-01-22 19:28:00
C0090,INV17326,Milk,6,15.76,2026-02-15 17:27:00
C0071,INV10940,Eggs,6,11.77,2026-02-16 16:51:00
C0192,INV12622,Bread,2,15.4,2026-03-28 20:28:00
C0009,INV12069,Eggs,2,14.19,2026-02-16 13:24:00
C0146,INV10531,Diapers,2,12.48,2026-02-17 13:28:00
C0196,INV11260,Wine,2,9.91,2026-02-20 13:41:00
C0072,INV14090,Butter,1,13.45,2026-03-05 16:24:00
C0144,INV11930,Onion,3,12.91,2026-01-28 17:18:00
C0178,INV18048,Chicken,1,3.13,2026-01-10 15:11:00
C0183,INV17293,Eggs,6,17.44,2026-02-10 18:22:00
C0182,INV11064,Steak,5,5.79,2026-02-08 21:10:00
C0183,INV12853,Juice,5,4.66,2026-01-26 20:08:00
C0061,INV18095,Bread,3,10.33,2026-02-17 15:51:00
C0142,INV12127,Diapers,1,1.93,2026-02-20 19:46:00
C0123,INV18613,Apple,4,14.96,2026-01-10 10:20:00
C0165,INV11216,Banana,4,12.5,2026-02-14 10:56:00
C0213,INV12982,Cheese,4,9.45,2026-04-22 08:53:00
C0032,INV18489,Cheese,3,3.63,2026-02-11 22:45:00
C0058,INV15670,Granola,3,15.35,2026-02-02 11:40:00
C0142,INV14497,Cheese,6,6.01,2026-03-10 09:32:00
C0165,INV12763,Wine,5,3.45,2026-03-26 17:46:00
C0155,INV15532,Wine,1,14.99,2026-01-04 09:02:00
C0165,INV14337,Chicken,5,7.97,2026-03-23 08:31:00
C0161,INV18939,Oil,6,17.25,2026-03-03 11:51:00
C0207,INV16654,Oil,4,2.06,2026-01-08 10:28:00
C0107,INV17934,Banana,2,6.65,2026-01-19 13:55:00
C0184,INV15232,Juice,4,3.05,2026-02-17 16:35:00
C0028,INV15229,Tomato,4,2.91,2026-02-27 11:09:00
C0025,INV10830,Oil,4,15.66,2026-02-23 11:55:00
C0041,INV15365,Wine,6,6.18,2026-04-08 10:31:00
C0132,INV17649,Yogurt,3,9.35,2026-01-12 14:32:00
C0118,INV13945,Chicken,5,6.87,2026-01-07 12:31:00
C0153,INV17711,Oil,5,0.94,2026-01-14 14:08:00
C0068,INV15993,Snacks,3,1.58,2026-01-07 17:35:00
C0050,INV15940,Steak,3,2.06,2026-03-06 15:48:00
C0141,INV14583,Diapers,6,11.31,2026-01-17 09:25:00
C0096,INV15556,Steak,3,13.79,2026-01-26 17:32:00
C0103,INV18194,Milk,1,1.47,2026-04-02 13:51:00
C0122,INV18509,Banana,2,11.23,2026-03-07 10:20:00
C0157,INV15219,Rice,4,17.84,2026-04-05 21:19:00
C0152,INV15512,Granola,5,9.96,2026-04-01 17:19:00
C0122,INV10273,Juice,3,12.39,2026-02-23 17:19:00
C0204,INV10437,Diapers,4,5.37,2026-03-25 20:49:00
C0149,INV13729,Milk,5,9.06,2026-03-09 18:46:00
C0159,INV16230,Cheese,6,4.97,2026-03-15 19:07:00
C0049,INV10311,Banana,3,8.0,2026-02-22 19:13:00
C0106,INV18222,Diapers,4,15.81,2026-04-05 19:03:00
C0181,INV12263,Granola,2,10.45,2026-03-26 15:33:00
C0097,INV15141,Rice,4,16.49,2026-02-13 16:22:00
C0174,INV14332,Diapers,4,4.11,2026-02-01 12:35:00
C0077,INV13685,Oil,3,12.92,2026-03-30 19:31:00
C0082,INV17862,Juice,5,16.86,2026-04-12 19:17:00
C0074,INV11997,Wine,6,10.14,2026-04-25 14:52:00
C0089,INV12400,Oil,1,5.75,2026-04-02 09:22:00
C0114,INV14202,Yogurt,2,4.28,2026-03-10 12:59:00
C0144,INV14451,Cheese,1,11.39,2026-03-17 11:15:00
C0013,INV18701,Tomato,6,4.8,2026-01-13 14:21:00
C0184,INV17740,Butter,6,14.06,2026-01-01 16:59:00
C0041,INV16667,Yogurt,4,11.99,2026-04-07 12:20:00
C0074,INV10970,Eggs,6,10.68,2026-03-10 19:46:00
C0218,INV10612,Rice,4,15.97,2026-01-23 22:58:00
C0010,INV16505,Yogurt,2,16.91,2026-04-22 22:18:00
C0010,INV10152,Oil,5,11.17,2026-04-29 13:18:00
C0117,INV18902,Granola,4,16.1,2026-01-18 21:32:00
C0120,INV14471,Chicken,1,6.49,2026-04-04 15:41:00
C0066,INV13051,Bread,6,6.6,2026-02-07 17:43:00
C0194,INV13165,Rice,5,15.53,2026-04-25 14:52:00
C0110,INV18443,Cereal,1,7.69,2026-01-13 10:08:00
C0123,INV15302,Tomato,1,5.29,2026-01-31 15:48:00
C0069,INV15401,Oil,5,13.23,2026-01-02 12:41:00
C0093,INV13872,Milk,6,2.83,2026-02-09 10:25:00
C0176,INV18234,Oil,6,2.82,2026-04-28 12:23:00
C0158,INV13619,Tomato,2,9.02,2026-02-28 19:38:00
C0096,INV16814,Steak,4,13.83,2026-04-13 18:52:00
C0056,INV14055,Diapers,1,9.84,2026-03-09 19:23:00
C0020,INV11839,Milk,5,16.33,2026-01-26 17:34:00
C0039,INV12696,Cereal,5,8.4,2026-03-29 11:45:00
C0150,INV18009,Eggs,5,8.46,2026-01-08 15:08:00
C0132,INV16807,Banana,5,1.79,2026-03-01 18:51:00
C0079,INV10357,Snacks,3,14.84,2026-04-06 11:37:00
C0019,INV10743,Apple,3,12.85,2026-03-11 08:59:00
C0018,INV17735,Milk,3,7.83,2026-04-09 10:49:00
C0165,INV16888,Juice,4,8.51,2026-04-28 22:24:00
C0097,INV11315,Steak,2,12.04,2026-02-14 09:11:00
C0138,INV16440,Granola,2,13.32,2026-01-29 21:00:00
C0194,INV10373,Oil,4,12.38,2026-03-11 14:34:00
C0098,INV13763,Tomato,4,6.75,2026-02-05 11:59:00
C0186,INV11849,Milk,6,8.01,2026-04-09 22:56:00
C0005,INV13944,Chicken,1,2.54,2026-01-05 15:38:00
C0173,INV10798,Tomato,6,1.56,2026-02-26 11:34:00
C0056,INV10925,Cheese,5,17.89,2026-01-30 21:58:00
C0188,INV15225,Wine,5,14.09,2026-04-15 13:15:00
C0078,INV12348,Granola,2,7.91,2026-02-05 08:35:00
C0152,INV12870,Apple,5,9.32,2026-02-14 18:42:00
C0098,INV18593,Cereal,6,7.96,2026-01-20 12:24:00
C0048,INV18814,Yogurt,2,15.41,2026-02-08 21:45:00
C0037,INV17587,Milk,5,7.9,2026-02-23 16:33:00
C0035,INV16364,Tomato,3,4.3,2026-03-24 09:59:00
C0116,INV16080,Eggs,5,13.26,2026-01-25 08:17:00
C0097,INV10648,Eggs,2,14.64,2026-03-17 19:42:00
C0144,INV13556,Yogurt,2,15.75,2026-02-12 12:58:00
C0004,INV13471,Chicken,6,2.82,2026-04-07 15:58:00
C0063,INV13351,Snacks,2,10.3,2026-04-10 12:24:00
C0120,INV18744,Juice,3,5.3,2026-03-07 22:31:00
C0120,INV11616,Yogurt,3,16.53,2026-02-17 13:26:00
C0012,INV13626,Cheese,1,5.29,2026-04-30 17:37:00
C0185,INV16842,Oil,2,4.17,2026-01-30 14:36:00
C0214,INV14027,Yogurt,5,12.06,2026-03-29 13:16:00
C0196,INV18006,Yogurt,4,3.69,2026-04-12 13:10:00
C0036,INV18955,Yogurt,2,16.57,2026-03-11 18:03:00
C0135,INV10555,Eggs,6,1.63,2026-01-01 14:08:00
C0216,INV13792,Eggs,6,3.4,2026-01-28 16:29:00
C0096,INV10991,Diapers,6,12.27,2026-03-20 22:30:00
C0169,INV17994,Bread,1,9.95,2026-02-22 08:01:00
C0136,INV14502,Steak,3,1.09,2026-04-15 19:43:00
C0111,INV12938,Butter,1,9.82,2026-01-31 11:39:00
C0135,INV14136,Juice,3,14.47,2026-01-11 13:25:00
C0118,INV13985,Tomato,3,12.57,2026-04-19 09:41:00
C0220,INV10520,Eggs,4,7.32,2026-03-12 15:03:00
C0164,INV10155,Rice,1,9.4,2026-02-25 18:50:00
C0085,INV11563,Granola,1,4.75,2026-04-26 21:44:00
C0146,INV17791,Onion,1,16.7,2026-03-29 22:17:00
C0140,INV10540,Rice,3,1.07,2026-01-27 17:09:00
C0193,INV16526,Eggs,3,3.59,2026-01-31 17:53:00
C0218,INV16376,Steak,3,7.4,2026-04-05 10:50:00
C0177,INV11285,Granola,6,17.56,2026-01-07 09:27:00
C0060,INV11246,Cereal,5,14.03,2026-03-18 14:49:00
C0084,INV10486,Onion,4,9.24,2026-02-15 16:24:00
C0111,INV13044,Wine,6,7.34,2026-04-09 17:18:00
C0205,INV14038,Eggs,1,5.41,2026-02-18 19:50:00
C0163,INV12528,Snacks,3,7.0,2026-01-12 08:19:00
C0114,INV15897,Onion,1,3.08,2026-01-24 14:28:00
C0143,INV18396,Apple,1,1.25,2026-02-15 16:05:00
C0153,INV15316,Snacks,1,5.82,2026-02-19 20:05:00
C0186,INV13978,Wine,5,3.72,2026-02-18 10:08:00
C0069,INV14934,Onion,4,3.31,2026-01-22 14:17:00
C0108,INV14912,Yogurt,1,7.01,2026-05-01 11:46:00
C0161,INV18124,Diapers,5,4.16,2026-01-14 10:19:00
C0002,INV16484,Cereal,5,7.33,2026-04-21 13:28:00
C0086,INV17056,Diapers,2,5.97,2026-03-19 19:12:00
C0123,INV15148,Rice,4,17.46,2026-02-07 19:44:00
C0163,INV18045,Wine,2,6.41,2026-02-05 21:50:00
C0101,INV15981,Butter,5,4.24,2026-03-11 10:43:00
C0197,INV10441,Banana,6,4.41,2026-04-13 12:53:00
C0178,INV11134,Apple,6,9.39,2026-03-23 12:15:00
C0065,INV12526,Apple,4,2.07,2026-03-18 15:37:00
C0103,INV18756,Granola,6,7.99,2026-01-05 20:23:00
C0180,INV18797,Diapers,6,16.53,2026-01-14 20:15:00
C0169,INV15817,Rice,6,11.34,2026-03-14 18:43:00
C0166,INV16548,Cereal,4,2.62,2026-01-13 12:14:00
C0131,INV18500,Steak,5,12.63,2026-01-29 15:23:00
C0101,INV17587,Wine,6,9.41,2026-02-14 08:30:00
C0027,INV14841,Apple,1,2.8,2026-05-01 19:09:00
C0090,INV15111,Cereal,4,14.29,2026-03-08 15:22:00
C0122,INV11600,Banana,6,12.78,2026-02-10 09:19:00
C0012,INV11886,Bread,3,11.95,2026-03-28 20:10:00
C0190,INV13997,Granola,2,10.29,2026-02-12 16:27:00
C0119,INV13799,Snacks,6,3.97,2026-03-23 18:27:00
C0102,INV10479,Diapers,2,8.53,2026-02-24 14:00:00
C0181,INV13520,Chicken,3,13.74,2026-04-14 20:04:00
C0148,INV11668,Steak,2,7.09,2026-01-26 15:07:00
C0068,INV18020,Granola,6,6.19,2026-02-19 17:25:00
C0151,INV11872,Juice,3,15.34,2026-03-21 10:52:00
C0173,INV14874,Diapers,5,2.26,2026-01-18 13:07:00
C0062,INV15004,Butter,2,7.22,2026-01-19 16:24:00
C0108,INV12259,Wine,4,8.08,2026-03-04 18:34:00
C0178,INV12839,Steak,2,9.22,2026-01-18 10:20:00
C0216,INV17390,Diapers,1,15.69,2026-01-02 15:08:00
C0050,INV16291,Steak,5,12.03,2026-02-22 18:31:00
C0107,INV17273,Yogurt,2,2.22,2026-01-04 20:48:00
C0057,INV14786,Milk,3,4.67,2026-02-06 10:49:00
C0118,INV18116,Steak,5,2.75,2026-01-15 12:49:00
C0140,INV16011,Steak,1,13.87,2026-02-26 16:13:00
C0109,INV11678,Tomato,3,15.85,2026-01-05 15:16:00
C0090,INV11426,Banana,1,14.14,2026-01-31 11:51:00
C0189,INV15745,Diapers,6,8.16,2026-03-20 10:50:00
C0053,INV13391,Milk,5,6.83,2026-02-05 17:34:00
C0044,INV15303,Oil,3,10.65,2026-04-20 16:57:00
C0174,INV11561,Cheese,4,16.6,2026-02-05 21:41:00
C0033,INV12175,Tomato,2,13.04,2026-04-17 11:48:00
C0216,INV16435,Yogurt,2,10.73,2026-02-04 18:26:00
C0097,INV17406,Eggs,6,14.47,2026-04-09 09:25:00
C0132,INV14559,Juice,4,17.14,2026-02-11 17:00:00
C0199,INV11527,Banana,6,12.22,2026-02-15 21:04:00
C0204,INV18757,Snacks,2,17.45,2026-04-16 11:31:00
C0069,INV15290,Oil,3,10.21,2026-01-17 17:54:00
C0125,INV15632,Milk,1,2.51,2026-04-11 21:29:00
C0005,INV12036,Rice,4,8.65,2026-02-24 11:44:00
C0034,INV14946,Rice,3,2.41,2026-02-16 12:05:00
C0096,INV12712,Milk,4,11.56,2026-04-03 19:48:00
C0060,INV17033,Eggs,6,2.44,2026-01-28 15:04:00
C0034,INV13706,Granola,6,8.46,2026-01-02 19:21:00
C0210,INV11976,Apple,6,3.07,2026-01-10 11:24:00
C0023,INV11679,Butter,3,7.12,2026-02-08 10:24:00
C0199,INV12182,Cheese,1,9.92,2026-01-02 17:41:00
C0043,INV17211,Juice,6,4.46,2026-04-06 10:58:00
C0106,INV17249,Chicken,1,16.22,2026-01-18 20:07:00
C0151,INV16292,Juice,4,6.21,2026-01-18 11:17:00
C0166,INV11381,Tomato,5,11.14,2026-04-03 17:18:00
C0200,INV10440,Oil,2,9.71,2026-03-07 11:47:00
C0101,INV14843,Milk,2,9.31,2026-01-15 11:31:00
C0164,INV11164,Granola,1,17.77,2026-04-30 13:08:00
C0100,INV16896,Juice,5,12.55,2026-04-08 15:49:00
C0019,INV10274,Wine,1,1.04,2026-01-28 08:59:00
C0016,INV16521,Granola,3,11.61,2026-03-06 20:26:00
C0109,INV16591,Eggs,6,10.03,2026-03-20 10:17:00
C0022,INV15078,Eggs,5,16.64,2026-04-14 10:34:00
C0084,INV16402,Wine,6,13.93,2026-03-25 18:41:00
C0017,INV15082,Apple,6,17.2,2026-01-31 08:15:00
C0023,INV17119,Butter,4,11.33,2026-01-08 12:42:00
C0190,INV12878,Butter,1,12.98,2026-03-31 08:10:00
C0128,INV15681,Granola,5,14.27,2026-04-03 12:10:00
C0096,INV12080,Onion,6,16.05,2026-04-09 22:01:00
C0086,INV17035,Onion,5,1.9,2026-04-02 17:40:00
C0020,INV18129,Banana,5,6.99,2026-03-05 21:36:00
C0043,INV16025,Rice,3,14.1,2026-04-25 17:43:00
C0186,INV11890,Tomato,6,9.55,2026-01-06 21:55:00
C0004,INV14007,Milk,4,7.06,2026-04-28 10:11:00
C0220,INV10580,Steak,6,13.54,2026-02-23 11:20:00
C0064,INV16820,Cereal,3,15.01,2026-03-15 13:07:00
C0129,INV10863,Rice,2,14.63,2026-01-06 14:04:00
C0120,INV14626,Oil,3,2.29,2026-02-28 08:23:00
C0052,INV14778,Wine,3,13.52,2026-02-01 15:23:00
C0152,INV18084,Chicken,6,16.29,2026-04-08 20:15:00
C0039,INV10105,Apple,1,4.81,2026-02-14 18:53:00
C0178,INV10158,Cereal,1,13.85,2026-02-18 21:47:00
C0187,INV15039,Butter,2,9.91,2026-01-31 14:31:00
C0016,INV12333,Onion,1,1.56,2026-01-30 22:54:00
C0134,INV16768,Juice,4,17.56,2026-01-11 17:06:00
C0130,INV12188,Snacks,1,10.98,2026-01-08 14:42:00
C0034,INV13880,Oil,3,15.44,2026-04-29 20:25:00
C0180,INV15346,Cereal,4,5.48,2026-01-10 11:08:00
C0200,INV11786,Cheese,1,3.63,2026-03-01 13:26:00
C0031,INV18781,Juice,2,8.57,2026-03-01 12:54:00
C0031,INV11482,Rice,6,6.03,2026-04-01 19:38:00
C0011,INV13523,Cereal,2,2.37,2026-02-01 13:25:00
C0132,INV10803,Oil,3,14.91,2026-01-23 08:25:00
C0219,INV17409,Steak,6,10.26,2026-01-13 15:06:00
C0206,INV12291,Butter,1,1.86,2026-04-10 11:08:00
C0051,INV16564,Juice,6,11.64,2026-03-24 09:37:00
C0151,INV14241,Eggs,1,17.95,2026-01-26 22:41:00
C0114,INV12111,Eggs,3,2.91,2026-05-01 15:03:00
C0044,INV17097,Snacks,4,1.31,2026-03-29 14:11:00
C0091,INV13518,Rice,3,5.61,2026-04-24 10:02:00
C0158,INV14027,Oil,4,7.89,2026-03-12 15:03:00
C0023,INV14584,Snacks,2,8.01,2026-03-24 22:51:00
C0135,INV14083,Steak,1,17.82,2026-04-11 19:22:00
C0123,INV18922,Yogurt,3,16.5,2026-03-06 13:24:00
C0070,INV12947,Bread,3,11.07,2026-01-04 22:51:00
C0200,INV14603,Milk,4,9.91,2026-04-09 17:14:00
C0041,INV11641,Tomato,6,4.95,2026-03-10 21:50:00
C0189,INV10917,Tomato,5,15.36,2026-04-13 14:22:00
C0215,INV12847,Rice,2,10.99,2026-04-14 19:44:00
C0092,INV10463,Juice,5,10.49,2026-03-14 11:53:00
C0208,INV18065,Steak,3,3.82,2026-01-05 09:03:00
C0060,INV13585,Bread,5,9.02,2026-02-12 22:39:00
C0052,INV12138,Cereal,6,3.85,2026-04-13 21:55:00
C0083,INV10976,Bread,2,10.89,2026-04-28 10:49:00
C0029,INV18623,Juice,1,7.23,2026-05-01 18:25:00
C0151,INV11656,Cereal,3,6.35,2026-01-21 19:27:00
C0203,INV17983,Cereal,2,12.96,2026-03-13 19:56:00
C0158,INV15847,Tomato,6,10.93,2026-01-23 14:19:00
C0188,INV14826,Cheese,2,13.34,2026-03-31 17:25:00
C0218,INV10531,Rice,5,6.27,2026-04-14 17:14:00
C0164,INV11706,Yogurt,2,6.5,2026-01-10 11:22:00
C0082,INV12751,Eggs,6,12.32,2026-04-04 22:21:00
C0115,INV10187,Onion,2,5.09,2026-01-09 13:16:00
C0202,INV11771,Bread,1,7.44,2026-04-04 14:10:00
C0106,INV18079,Snacks,3,10.19,2026-01-13 21:30:00
C0202,INV13696,Rice,4,2.07,2026-04-19 08:18:00
C0006,INV15222,Onion,1,2.08,2026-01-22 22:24:00
C0042,INV11229,Steak,1,6.61,2026-03-20 22:30:00
C0181,INV10508,Apple,6,3.64,2026-04-24 14:10:00
C0014,INV11660,Cereal,2,17.56,2026-02-22 19:35:00
C0185,INV18850,Onion,6,5.64,2026-01-31 09:03:00
C0101,INV18044,Cheese,1,7.01,2026-02-24 09:18:00
C0211,INV17870,Chicken,1,1.24,2026-01-22 18:18:00
C0021,INV17759,Butter,3,14.3,2026-03-02 15:57:00
C0170,INV14342,Eggs,6,10.16,2026-01-24 13:56:00
C0098,INV16053,Rice,4,1.57,2026-02-26 15:16:00
C0058,INV14401,Wine,1,3.4,2026-03-31 18:06:00
C0022,INV15633,Steak,4,17.5,2026-03-17 11:35:00
C0016,INV16343,Granola,4,17.41,2026-03-29 21:59:00
C0122,INV13861,Yogurt,3,2.16,2026-04-26 21:45:00
C0009,INV18227,Wine,5,14.57,2026-03-28 17:09:00
C0031,INV17358,Rice,2,17.52,2026-04-14 11:08:00
C0011,INV16937,Eggs,6,8.29,2026-04-16 18:09:00
C0214,INV14226,Cereal,6,16.52,2026-01-09 09:24:00
C0143,INV16511,Steak,3,15.53,2026-03-08 15:58:00
C0004,INV18562,Apple,1,7.93,2026-01-19 17:37:00
C0150,INV11642,Butter,5,14.21,2026-04-11 12:55:00
C0138,INV15634,Apple,3,7.39,2026-03-04 17:38:00
C0122,INV10614,Rice,3,7.73,2026-03-21 17:43:00
C0178,INV16582,Milk,4,16.1,2026-02-12 19:15:00
C0013,INV17786,Onion,3,1.15,2026-04-15 20:19:00
C0080,INV14594,Yogurt,6,12.58,2026-04-22 11:08:00
C0077,INV17260,Cereal,3,13.34,2026-03-19 18:05:00
C0049,INV17238,Chicken,4,13.54,2026-04-08 16:55:00
C0096,INV10921,Granola,2,1.93,2026-04-01 16:25:00
C0035,INV18590,Wine,1,3.79,2026-04-23 21:12:00
C0215,INV10945,Tomato,1,8.65,2026-04-28 13:45:00
C0051,INV14489,Juice,4,9.49,2026-03-23 22:07:00
C0175,INV10501,Tomato,3,9.21,2026-02-27 10:55:00
C0122,INV15731,Juice,2,15.21,2026-02-03 19:53:00
C0177,INV11481,Oil,1,7.45,2026-01-21 21:36:00
C0200,INV13512,Tomato,6,4.67,2026-01-27 12:41:00
C0105,INV18410,Bread,6,0.95,2026-04-27 10:41:00
C0045,INV10139,Tomato,3,11.26,2026-05-01 12:45:00
C0182,INV14512,Apple,4,15.45,2026-02-28 12:13:00
C0120,INV14951,Granola,5,7.63,2026-01-14 08:32:00
C0170,INV16132,Steak,6,11.01,2026-02-06 12:43:00
C0028,INV17893,Eggs,3,17.8,2026-03-23 13:55:00
C0071,INV14279,Oil,2,3.38,2026-04-08 11:57:00
C0015,INV16621,Cereal,6,3.21,2026-01-04 18:31:00
C0076,INV14251,Apple,4,7.48,2026-01-05 17:45:00
C0147,INV13112,Cereal,6,13.07,2026-03-29 16:40:00
C0201,INV17795,Juice,5,5.96,2026-01-22 21:42:00
C0143,INV12968,Oil,1,8.9,2026-04-05 12:46:00
C0207,INV13000,Cereal,6,2.34,2026-02-15 11:47:00
C0079,INV16890,Cereal,3,5.28,2026-02-07 15:54:00
C0031,INV17710,Milk,6,10.84,2026-05-01 17:04:00
C0121,INV13188,Granola,1,15.72,2026-02-18 16:19:00
C0106,INV10886,Cheese,2,17.87,2026-02-13 14:36:00
C0118,INV12347,Cereal,6,3.9,2026-01-11 15:21:00
C0162,INV12898,Cereal,6,1.8,2026-02-27 12:13:00
C0195,INV12763,Wine,2,9.22,2026-04-08 20:05:00
C0034,INV17106,Apple,4,8.18,2026-03-03 14:00:00
C0010,INV18746,Chicken,6,7.22,2026-01-02 22:20:00
C0194,INV18701,Chicken,1,12.44,2026-03-22 19:15:00
C0058,INV15642,Oil,2,2.57,2026-03-06 17:19:00
C0043,INV11070,Milk,3,17.11,2026-02-28 19:33:00
C0153,INV18588,Cereal,4,16.07,2026-01-18 13:57:00
C0126,INV15886,Chicken,2,17.11,2026-04-28 20:25:00
C0005,INV13743,Tomato,6,17.74,2026-01-28 19:01:00
C0151,INV18268,Rice,1,7.11,2026-03-25 20:02:00
C0097,INV14191,Steak,5,1.64,2026-01-07 18:06:00
C0168,INV10324,Milk,6,2.79,2026-02-26 14:07:00
C0141,INV14141,Yogurt,6,3.43,2026-03-30 18:40:00
C0003,INV14934,Apple,6,2.54,2026-03-08 12:39:00
C0156,INV12248,Apple,1,9.6,2026-03-21 09:18:00
C0030,INV11742,Yogurt,2,11.27,2026-04-10 12:53:00
C0134,INV13305,Juice,6,7.85,2026-01-21 08:35:00
C0128,INV13403,Yogurt,3,4.83,2026-01-02 18:05:00
C0029,INV18096,Cheese,1,14.21,2026-01-10 19:46:00
C0026,INV14193,Tomato,4,17.81,2026-02-07 12:29:00
C0013,INV11636,Rice,1,15.46,2026-02-16 20:43:00
C0081,INV16980,Butter,1,15.44,2026-04-24 08:00:00
C0219,INV12268,Rice,3,6.95,2026-02-26 17:17:00
C0188,INV11523,Juice,3,3.95,2026-02-21 14:29:00
C0070,INV16320,Yogurt,4,11.96,2026-04-13 10:07:00
C0034,INV10961,Rice,1,7.96,2026-03-17 15:51:00
C0146,INV17179,Rice,5,7.33,2026-02-15 17:01:00
C0176,INV12141,Yogurt,4,2.74,2026-02-22 15:02:00
C0017,INV14287,Cereal,1,12.92,2026-03-28 16:49:00
C0191,INV13670,Cereal,5,9.8,2026-03-31 17:06:00
C0111,INV14073,Yogurt,3,12.22,2026-03-24 14:09:00
C0215,INV10895,Bread,6,16.87,2026-03-06 21:30:00
C0219,INV18124,Rice,1,13.72,2026-02-11 11:21:00
C0072,INV10825,Granola,2,10.27,2026-02-18 14:52:00
C0061,INV11292,Banana,4,14.58,2026-02-27 09:54:00
C0128,INV17325,Cereal,1,17.67,2026-04-06 18:01:00
C0027,INV16610,Apple,1,10.38,2026-01-01 21:05:00
C0203,INV14991,Granola,5,4.36,2026-03-27 15:21:00
C0094,INV10890,Tomato,4,6.51,2026-04-09 17:38:00
C0122,INV15953,Banana,1,2.48,2026-03-26 11:00:00
C0088,INV15819,Oil,5,9.78,2026-03-31 09:02:00
C0043,INV18068,Cheese,6,13.57,2026-02-22 09:16:00
C0157,INV13210,Chicken,1,16.8,2026-02-20 11:29:00
C0212,INV13123,Cereal,1,13.82,2026-01-06 22:40:00
C0215,INV12019,Banana,4,12.13,2026-03-06 10:31:00
C0002,INV18690,Milk,5,16.89,2026-04-18 17:30:00
C0131,INV12904,Wine,2,13.36,2026-01-17 09:24:00
C0169,INV15274,Granola,4,8.0,2026-03-19 22:44:00
C0196,INV14068,Onion,4,17.37,2026-02-07 15:51:00
C0035,INV12264,Apple,5,12.84,2026-04-06 16:19:00
C0216,INV18976,Cereal,6,13.47,2026-03-12 18:13:00
C0052,INV13436,Diapers,6,5.8,2026-02-14 22:43:00
C0034,INV12914,Granola,5,12.74,2026-02-11 19:07:00
C0195,INV15772,Steak,4,10.82,2026-05-01 18:45:00
C0107,INV18748,Oil,4,14.7,2026-03-08 09:01:00
C0098,INV12382,Milk,6,1.77,2026-02-04 20:50:00
C0042,INV14696,Onion,2,15.24,2026-03-30 20:18:00
C0053,INV18867,Milk,3,14.8,2026-01-14 17:55:00
C0173,INV13676,Steak,4,4.89,2026-04-11 20:51:00
C0179,INV14713,Milk,4,7.47,2026-04-11 18:20:00
C0142,INV10882,Bread,6,5.12,2026-03-21 21:49:00
C0114,INV13696,Juice,5,10.2,2026-03-19 11:49:00
C0186,INV13171,Oil,4,3.85,2026-03-29 09:11:00
C0045,INV18419,Butter,4,1.5,2026-02-05 16:16:00
C0034,INV12637,Wine,3,0.9,2026-03-01 19:59:00
C0040,INV10655,Cheese,3,11.07,2026-04-10 22:40:00
C0158,INV14935,Yogurt,5,10.26,2026-01-10 20:45:00
C0082,INV18609,Tomato,2,9.75,2026-04-11 16:10:00
C0107,INV18898,Steak,4,2.38,2026-01-29 22:13:00
C0170,INV15438,Cereal,3,5.85,2026-04-07 17:33:00
C0122,INV10145,Butter,6,6.75,2026-01-31 22:41:00
C0158,INV13995,Milk,6,16.03,2026-02-18 22:50:00
C0030,INV16323,Onion,5,13.25,2026-01-04 22:33:00
C0211,INV16144,Granola,5,8.46,2026-01-06 12:57:00
C0167,INV13155,Cereal,5,2.22,2026-01-13 10:49:00
C0138,INV18737,Bread,6,1.93,2026-03-27 18:49:00
C0055,INV16951,Butter,2,10.05,2026-03-31 22:47:00
C0199,INV17131,Eggs,6,12.6,2026-01-04 15:45:00
C0085,INV10621,Eggs,1,1.73,2026-04-12 12:35:00
C0019,INV13730,Onion,4,7.47,2026-03-22 14:27:00
C0081,INV10277,Snacks,6,2.83,2026-01-01 18:46:00
C0159,INV11037,Wine,1,12.86,2026-01-10 13:59:00
C0129,INV11739,Oil,6,5.98,2026-01-12 12:48:00
C0113,INV16250,Snacks,6,1.33,2026-01-21 16:14:00
C0035,INV16407,Steak,3,17.31,2026-01-19 12:43:00
C0204,INV16114,Bread,5,15.85,2026-01-19 09:02:00
C0002,INV16457,Steak,5,17.09,2026-02-09 11:47:00
C0190,INV15634,Chicken,4,16.38,2026-04-19 16:09:00
C0042,INV13015,Tomato,5,15.16,2026-01-25 09:11:00
C0172,INV10892,Steak,4,11.89,2026-01-10 12:42:00
C0018,INV14108,Butter,2,13.28,2026-03-04 13:22:00
C0033,INV13843,Butter,3,11.46,2026-04-26 11:20:00
C0125,INV17384,Cereal,5,12.14,2026-03-30 17:09:00
C0145,INV15972,Cereal,4,3.7,2026-02-10 11:50:00
C0057,INV17146,Onion,3,3.11,2026-04-04 13:56:00
C0123,INV17584,Banana,3,14.13,2026-03-04 16:06:00
C0045,INV11344,Onion,2,16.13,2026-01-26 12:46:00
C0161,INV11253,Eggs,1,15.41,2026-03-22 08:52:00
C0149,INV16638,Wine,2,16.39,2026-03-12 12:34:00
C0139,INV17735,Cheese,3,7.55,2026-04-25 20:37:00
C0188,INV14768,Cheese,4,9.42,2026-01-12 14:23:00
C0129,INV10174,Tomato,5,12.57,2026-04-07 16:08:00
C0115,INV12609,Rice,5,17.12,2026-03-26 21:09:00
C0189,INV17922,Juice,1,4.56,2026-03-04 11:04:00
C0068,INV16053,Tomato,1,12.3,2026-03-08 22:50:00
C0093,INV16359,Yogurt,4,15.96,2026-01-06 18:20:00
C0027,INV18543,Onion,6,5.33,2026-03-11 17:11:00
C0097,INV16202,Juice,5,12.04,2026-04-17 09:33:00
C0065,INV16166,Tomato,5,7.78,2026-04-15 21:22:00
C0125,INV17899,Diapers,1,9.43,2026-01-18 15:10:00
C0059,INV11264,Granola,6,5.63,2026-01-20 10:10:00
C0093,INV11939,Tomato,4,14.75,2026-04-03 09:30:00
C0173,INV17845,Yogurt,2,10.96,2026-03-24 21:26:00
C0006,INV13993,Milk,2,10.66,2026-01-21 10:40:00
C0132,INV10643,Wine,2,1.76,2026-02-03 22:11:00
C0133,INV16643,Diapers,5,11.77,2026-04-23 19:46:00
C0170,INV14645,Eggs,2,8.53,2026-03-02 21:30:00
C0044,INV13595,Apple,5,3.25,2026-03-16 21:49:00
C0047,INV18370,Onion,2,13.26,2026-02-13 22:29:00
C0153,INV11128,Tomato,4,7.43,2026-01-14 08:12:00
C0134,INV18264,Apple,2,11.21,2026-01-23 15:57:00
C0158,INV10640,Steak,5,13.74,2026-01-12 15:42:00
C0034,INV18836,Bread,6,11.97,2026-03-08 14:23:00
C0012,INV18681,Apple,2,16.94,2026-03-03 20:49:00
C0098,INV15743,Wine,6,16.42,2026-04-18 19:36:00
C0026,INV16972,Cheese,3,9.01,2026-01-30 22:54:00
C0022,INV14642,Diapers,5,7.83,2026-01-25 08:45:00
C0191,INV10117,Wine,5,2.83,2026-01-01 14:41:00
C0053,INV15176,Apple,3,2.63,2026-02-24 18:37:00
C0065,INV14282,Steak,4,10.51,2026-03-20 12:43:00
C0102,INV13338,Apple,5,14.28,2026-03-03 10:23:00
C0144,INV17926,Onion,3,10.74,2026-04-10 19:25:00
C0189,INV12263,Butter,6,4.75,2026-04-11 19:10:00
C0026,INV13514,Granola,4,14.32,2026-04-13 16:39:00
C0179,INV10853,Rice,4,17.39,2026-01-01 20:05:00
C0211,INV12382,Yogurt,5,8.29,2026-01-09 12:14:00
C0095,INV11312,Diapers,1,13.26,2026-04-30 14:39:00
C0168,INV18537,Oil,6,17.37,2026-01-08 20:52:00
C0045,INV18100,Banana,1,4.27,2026-03-26 22:51:00
C0133,INV14686,Chicken,1,14.28,2026-03-07 16:44:00
C0060,INV12777,Milk,3,4.92,2026-01-01 10:05:00
C0071,INV16545,Juice,6,7.6,2026-03-17 11:33:00
C0004,INV11125,Eggs,5,5.69,2026-04-17 16:58:00
C0150,INV15704,Juice,3,4.69,2026-01-25 15:59:00
C0104,INV10077,Onion,2,7.8,2026-01-14 16:04:00
C0129,INV14822,Cereal,1,14.61,2026-02-02 22:34:00
C0209,INV14099,Banana,4,10.49,2026-04-09 11:48:00
C0087,INV17518,Banana,5,15.63,2026-03-03 09:16:00
C0018,INV16270,Tomato,6,12.86,2026-04-13 13:26:00
C0091,INV18463,Steak,1,12.85,2026-02-03 11:18:00
C0024,INV16537,Cereal,1,10.34,2026-01-23 15:20:00
C0091,INV13581,Wine,3,3.94,2026-04-06 18:59:00
C0049,INV18176,Chicken,2,13.45,2026-04-22 12:13:00
C0059,INV13323,Tomato,5,6.92,2026-04-10 09:07:00
C0021,INV18072,Diapers,1,13.95,2026-03-11 08:54:00
C0124,INV16082,Diapers,3,9.27,2026-04-23 22:36:00
C0071,INV18042,Rice,5,5.62,2026-01-29 20:36:00
C0033,INV10888,Granola,4,9.03,2026-03-11 08:32:00
C0089,INV16451,Rice,4,17.6,2026-03-31 16:29:00
C0081,INV10138,Bread,6,4.42,2026-03-16 09:20:00
C0093,INV14255,Rice,5,5.32,2026-02-04 15:39:00
C0088,INV15996,Rice,4,8.09,2026-02-23 19:48:00
C0096,INV15982,Snacks,3,8.55,2026-03-15 10:36:00
C0176,INV13745,Butter,6,5.44,2026-01-31 16:27:00
C0220,INV16241,Chicken,2,14.56,2026-04-05 10:30:00
C0207,INV10160,Rice,4,9.39,2026-04-25 21:40:00
C0133,INV18749,Cereal,4,5.96,2026-03-13 21:36:00
C0013,INV16528,Butter,6,3.61,2026-01-28 21:16:00
C0122,INV11578,Banana,6,6.56,2026-02-16 13:35:00
C0143,INV14223,Juice,1,7.88,2026-02-14 21:43:00
C0156,INV13260,Wine,5,11.98,2026-03-10 10:49:00
C0073,INV15819,Cereal,6,9.58,2026-04-10 19:28:00
C0021,INV16244,Diapers,3,8.78,2026-01-19 21:10:00
C0164,INV15528,Apple,6,11.33,2026-02-21 21:58:00
C0019,INV11297,Rice,3,4.73,2026-02-10 18:18:00
C0182,INV14383,Diapers,6,7.6,2026-04-24 15:49:00
C0093,INV18536,Banana,4,3.68,2026-04-20 08:08:00
C0187,INV13845,Onion,6,12.85,2026-01-11 11:10:00
C0102,INV11688,Butter,1,16.91,2026-03-02 16:03:00
C0007,INV16505,Granola,1,2.59,2026-03-21 10:05:00
C0168,INV16388,Oil,2,5.06,2026-02-06 15:40:00
C0033,INV12151,Granola,2,1.29,2026-03-26 13:55:00
C0084,INV17802,Banana,5,16.88,2026-03-12 15:08:00
C0179,INV18836,Rice,5,11.08,2026-03-22 19:40:00
C0145,INV17127,Granola,6,11.8,2026-02-09 22:22:00
C0124,INV18842,Tomato,1,8.4,2026-02-16 14:16:00
C0040,INV14974,Bread,1,9.8,2026-04-08 21:08:00
C0089,INV14699,Yogurt,5,0.94,2026-04-29 15:48:00
C0123,INV14909,Bread,4,14.52,2026-03-18 11:50:00
C0002,INV18982,Juice,2,7.88,2026-03-13 14:25:00
C0064,INV12676,Snacks,4,4.59,2026-01-11 14:40:00
C0062,INV18465,Diapers,6,12.58,2026-02-06 18:47:00
C0137,INV14405,Apple,2,15.48,2026-01-24 10:18:00
C0029,INV17461,Diapers,4,5.48,2026-03-21 15:12:00
C0083,INV10318,Cheese,1,17.48,2026-01-03 10:06:00
C0073,INV14411,Cheese,6,8.34,2026-01-02 11:05:00
C0039,INV10242,Yogurt,2,6.68,2026-02-09 20:51:00
C0128,INV16085,Banana,6,14.41,2026-02-12 09:53:00
C0193,INV12394,Milk,3,14.14,2026-01-10 16:30:00
C0047,INV13149,Onion,4,15.05,2026-01-16 20:45:00
C0064,INV16305,Banana,2,13.49,2026-01-05 11:29:00
C0189,INV11540,Granola,6,17.69,2026-03-02 14:43:00
C0080,INV15294,Rice,6,13.33,2026-04-06 22:35:00
C0134,INV12002,Onion,4,11.78,2026-01-26 13:56:00
C0014,INV13569,Butter,2,11.69,2026-02-11 08:10:00
C0204,INV14524,Wine,1,7.61,2026-02-01 08:02:00
C0149,INV17787,Diapers,2,7.19,2026-01-12 11:10:00
C0128,INV11498,Diapers,3,16.81,2026-04-08 18:03:00
C0016,INV15825,Cheese,6,10.03,2026-01-14 10:31:00
C0060,INV15190,Steak,6,13.82,2026-04-14 22:28:00
C0188,INV13162,Bread,6,7.3,2026-04-03 10:16:00
C0011,INV17952,Banana,5,5.87,2026-03-31 15:12:00
C0146,INV13058,Steak,3,6.37,2026-03-01 12:55:00
C0213,INV12628,Eggs,5,3.47,2026-02-07 21:16:00
C0139,INV16015,Banana,1,14.15,2026-03-06 14:46:00
C0048,INV10307,Diapers,3,14.15,2026-01-31 13:46:00
C0017,INV18831,Snacks,2,9.81,2026-03-05 20:35:00
C0040,INV14639,Cereal,4,11.82,2026-01-15 09:33:00
C0169,INV11093,Milk,2,3.87,2026-01-05 11:06:00
C0125,INV13140,Butter,1,10.62,2026-04-18 14:42:00
C0126,INV18616,Diapers,6,10.95,2026-01-07 13:14:00
C0156,INV11162,Bread,2,12.08,2026-04-29 22:53:00
C0021,INV17669,Milk,3,10.4,2026-05-01 22:26:00
C0211,INV16047,Milk,5,5.37,2026-01-06 19:04:00
C0214,INV14980,Eggs,2,17.32,2026-01-13 09:46:00
C0060,INV18711,Snacks,2,4.12,2026-03-26 11:36:00
C0161,INV12932,Steak,6,10.4,2026-04-06 09:49:00
C0164,INV15865,Banana,6,12.24,2026-04-24 09:10:00
C0203,INV12956,Steak,4,9.48,2026-03-26 10:34:00
C0154,INV17259,Juice,3,10.26,2026-02-11 21:23:00
C0106,INV17055,Cereal,5,4.94,2026-03-11 11:24:00
C0197,INV14163,Juice,4,8.5,2026-02-20 08:46:00
C0009,INV14661,Diapers,1,9.7,2026-04-24 12:00:00
C0077,INV13636,Chicken,3,1.17,2026-04-16 19:52:00
C0071,INV18377,Steak,5,16.73,2026-01-20 09:02:00
C0118,INV15828,Cheese,2,5.36,2026-04-24 17:15:00
C0060,INV14199,Oil,1,10.61,2026-03-14 22:13:00
C0188,INV11265,Cereal,4,3.77,2026-04-16 22:44:00
C0180,INV11563,Diapers,6,5.97,2026-04-04 20:36:00
C0098,INV11286,Milk,3,6.78,2026-04-15 14:26:00
C0031,INV13715,Diapers,1,11.7,2026-03-22 14:03:00
C0079,INV18592,Milk,3,10.09,2026-01-20 13:32:00
C0179,INV13618,Cheese,1,12.39,2026-02-20 15:48:00
C0153,INV18270,Eggs,2,8.23,2026-04-11 14:09:00
C0034,INV15508,Eggs,4,10.63,2026-01-07 16:25:00
C0068,INV11394,Snacks,5,8.27,2026-03-31 10:48:00
C0035,INV17880,Steak,2,9.19,2026-03-25 17:12:00
C0144,INV18590,Tomato,2,2.03,2026-04-10 14:20:00
C0176,INV11468,Butter,6,7.91,2026-02-16 13:12:00
C0083,INV15645,Diapers,6,1.22,2026-02-09 10:22:00
C0158,INV17246,Diapers,2,8.38,2026-04-29 21:14:00
C0052,INV16125,Cheese,6,15.47,2026-01-15 19:03:00
C0063,INV12420,Oil,1,6.7,2026-04-13 09:19:00
C0116,INV17720,Bread,3,4.39,2026-03-10 11:13:00
C0140,INV18574,Onion,5,9.11,2026-04-04 10:44:00
C0179,INV10302,Snacks,5,16.38,2026-03-09 08:16:00
C0044,INV10985,Oil,2,14.37,2026-03-21 12:03:00
C0120,INV10137,Eggs,4,12.16,2026-03-26 21:58:00
C0169,INV15902,Butter,1,5.83,2026-04-24 18:24:00
C0060,INV16238,Granola,6,2.51,2026-02-10 15:55:00
C0153,INV18710,Eggs,2,4.22,2026-02-28 16:59:00
C0183,INV10353,Milk,2,16.66,2026-02-09 13:31:00
C0101,INV12573,Bread,3,12.57,2026-02-15 18:19:00
C0061,INV18213,Onion,1,11.56,2026-04-23 14:56:00
C0209,INV10483,Steak,3,4.68,2026-02-13 22:25:00
C0169,INV12249,Eggs,6,7.37,2026-03-28 17:55:00
C0161,INV13727,Apple,2,10.65,2026-02-24 12:58:00
C0155,INV15396,Banana,5,3.07,2026-03-25 10:37:00
C0139,INV13315,Cheese,3,12.64,2026-04-26 16:58:00
C0035,INV17047,Cheese,6,16.85,2026-04-28 10:20:00
C0018,INV18733,Butter,2,6.26,2026-04-23 10:46:00
C0008,INV15222,Apple,4,6.02,2026-04-06 22:52:00
C0164,INV14486,Cheese,2,2.64,2026-01-24 08:48:00
C0157,INV14373,Diapers,5,11.33,2026-03-18 11:14:00
C0176,INV10428,Juice,1,12.64,2026-03-03 10:32:00
C0217,INV17681,Juice,2,15.46,2026-03-04 15:08:00
C0042,INV13167,Tomato,1,7.83,2026-01-02 22:17:00
C0106,INV13647,Chicken,2,1.94,2026-04-29 15:55:00
C0158,INV18028,Cereal,4,16.07,2026-02-24 14:49:00
C0011,INV16233,Cereal,4,11.32,2026-04-06 17:38:00
C0138,INV18606,Milk,5,2.68,2026-02-28 21:56:00
C0011,INV14026,Granola,5,7.6,2026-04-05 08:35:00
C0100,INV18457,Milk,2,5.81,2026-02-20 22:19:00
C0199,INV14685,Banana,2,8.07,2026-03-20 22:03:00
C0177,INV18471,Cheese,4,15.07,2026-02-27 09:46:00
C0129,INV11855,Rice,5,16.93,2026-03-31 16:08:00
C0101,INV16776,Cereal,4,1.23,2026-02-28 17:57:00
C0183,INV13309,Banana,1,5.1,2026-03-30 18:58:00
C0183,INV12687,Butter,1,2.76,2026-02-27 18:23:00
C0022,INV18583,Snacks,6,14.41,2026-03-07 17:10:00
C0097,INV16236,Milk,2,16.49,2026-03-14 21:42:00
C0039,INV12657,Cheese,2,14.03,2026-01-07 14:19:00
C0080,INV17312,Oil,6,3.91,2026-04-26 10:12:00
C0001,INV14147,Bread,4,9.36,2026-03-05 16:51:00
C0002,INV18085,Tomato,2,10.93,2026-03-02 15:26:00
C0114,INV11301,Diapers,5,0.91,2026-04-23 16:17:00
C0159,INV13402,Milk,2,3.35,2026-03-25 13:02:00
C0038,INV10532,Wine,5,5.93,2026-04-28 09:03:00
C0028,INV16832,Rice,2,12.36,2026-03-20 18:44:00
C0180,INV12907,Banana,6,10.76,2026-04-30 08:05:00
C0197,INV14904,Cereal,3,16.24,2026-04-15 09:48:00
C0110,INV11064,Oil,4,3.11,2026-03-30 21:17:00
C0085,INV18636,Apple,5,4.41,2026-01-27 17:03:00
C0028,INV18667,Eggs,4,13.25,2026-03-19 22:50:00
C0181,INV14706,Apple,5,15.38,2026-02-03 16:36:00
C0160,INV15798,Cheese,5,10.48,2026-03-08 19:40:00
C0128,INV18070,Rice,5,4.8,2026-02-07 11:00:00
C0031,INV10393,Banana,6,14.5,2026-04-05 21:13:00
C0205,INV16794,Apple,1,6.54,2026-03-13 20:40:00
C0055,INV10186,Chicken,6,5.64,2026-04-12 09:19:00
C0077,INV18302,Steak,3,13.99,2026-01-15 18:21:00
C0088,INV16489,Wine,5,17.31,2026-04-17 10:12:00
C0085,INV15537,Yogurt,4,14.51,2026-03-24 10:30:00
C0040,INV17547,Steak,3,8.75,2026-04-15 14:59:00
C0191,INV10918,Granola,3,10.52,2026-03-28 13:35:00
C0138,INV10307,Chicken,5,12.59,2026-04-13 22:56:00
C0204,INV15794,Eggs,2,5.62,2026-01-04 13:24:00
C0161,INV18754,Rice,5,11.22,2026-01-24 17:07:00
C0201,INV15051,Cereal,6,1.34,2026-02-22 09:31:00
C0061,INV16089,Banana,3,4.52,2026-02-08 10:07:00
C0096,INV10613,Chicken,1,8.43,2026-01-04 20:30:00
C0129,INV12525,Chicken,3,16.69,2026-04-04 21:33:00
C0080,INV15364,Cheese,1,14.94,2026-05-01 16:43:00
C0034,INV13362,Milk,4,7.47,2026-04-21 16:07:00
C0002,INV15096,Milk,6,15.39,2026-04-22 09:21:00
C0120,INV10756,Butter,5,13.98,2026-04-06 12:01:00
C0148,INV15115,Chicken,3,4.25,2026-02-06 12:34:00
C0082,INV17228,Butter,3,3.37,2026-02-05 09:00:00
C0160,INV18423,Butter,2,10.13,2026-03-12 13:17:00
C0037,INV14642,Wine,2,3.75,2026-02-09 17:57:00
C0087,INV18857,Banana,1,3.04,2026-03-02 22:43:00
C0013,INV11736,Snacks,1,2.28,2026-02-20 10:45:00
C0153,INV17305,Diapers,3,6.17,2026-04-15 11:45:00
C0195,INV18741,Eggs,4,10.57,2026-01-12 21:51:00
C0179,INV17673,Butter,4,6.14,2026-03-24 19:49:00
C0120,INV17710,Tomato,2,3.27,2026-04-25 17:16:00
C0094,INV16424,Rice,6,16.58,2026-02-12 20:55:00
C0084,INV17427,Yogurt,1,1.92,2026-01-15 13:30:00
C0119,INV12799,Oil,3,11.2,2026-01-17 16:06:00
C0104,INV11753,Cereal,5,11.97,2026-04-12 12:34:00
C0119,INV16567,Wine,4,4.9,2026-02-01 16:10:00
C0124,INV16289,Eggs,3,4.38,2026-03-30 17:27:00
C0201,INV17133,Wine,3,10.17,2026-01-31 10:42:00
C0172,INV11277,Wine,4,2.77,2026-03-18 15:20:00
C0143,INV11600,Banana,2,6.1,2026-02-21 09:38:00
C0028,INV16209,Cereal,4,11.89,2026-01-08 09:13:00
C0210,INV12277,Wine,6,14.73,2026-04-07 10:42:00
C0039,INV17422,Steak,3,7.51,2026-03-15 15:12:00
C0053,INV15188,Oil,5,14.46,2026-03-28 12:58:00
C0112,INV15641,Eggs,5,0.94,2026-03-07 14:54:00
C0033,INV14820,Milk,3,16.3,2026-01-07 08:45:00
C0144,INV15886,Butter,3,15.69,2026-01-31 14:44:00
C0152,INV16460,Cereal,6,7.38,2026-02-18 14:34:00
C0055,INV12842,Yogurt,2,4.04,2026-02-19 21:59:00
C0093,INV16836,Cheese,3,17.96,2026-03-27 10:08:00
C0003,INV11176,Bread,2,13.21,2026-03-04 18:27:00
C0035,INV11388,Cheese,6,14.66,2026-04-21 15:57:00
C0202,INV16975,Diapers,2,8.62,2026-02-24 16:52:00
C0116,INV16304,Juice,2,4.0,2026-03-19 08:36:00
C0128,INV13879,Granola,3,7.87,2026-03-11 17:23:00
C0009,INV10621,Wine,4,12.92,2026-01-15 17:30:00
C0177,INV11312,Cheese,6,13.38,2026-04-20 20:49:00
C0072,INV17618,Granola,1,9.8,2026-03-20 09:15:00
C0121,INV11280,Steak,5,6.17,2026-01-07 22:21:00
C0137,INV10177,Yogurt,4,9.62,2026-03-02 17:46:00
C0085,INV16898,Juice,3,5.77,2026-01-05 19:59:00
C0153,INV14982,Wine,3,1.86,2026-03-02 17:10:00
C0147,INV10846,Oil,6,11.54,2026-02-06 15:05:00
C0033,INV18284,Eggs,3,5.14,2026-03-20 12:17:00
C0220,INV14210,Bread,6,2.72,2026-01-23 22:37:00
C0190,INV12477,Banana,3,14.69,2026-02-03 20:44:00
C0061,INV17945,Rice,5,15.63,2026-02-13 09:09:00
C0153,INV12526,Yogurt,4,14.05,2026-01-31 18:28:00
C0186,INV12741,Chicken,5,13.43,2026-02-14 08:41:00
C0068,INV11901,Milk,2,8.78,2026-03-02 12:30:00
C0192,INV18725,Tomato,4,12.56,2026-02-19 15:16:00
C0038,INV18691,Apple,1,5.77,2026-04-13 15:24:00
C0174,INV15173,Granola,6,17.24,2026-01-13 22:34:00
C0164,INV15798,Apple,5,16.59,2026-04-20 12:21:00
C0070,INV14376,Butter,3,12.05,2026-02-20 15:49:00
C0173,INV13962,Wine,2,9.74,2026-03-28 19:11:00
C0081,INV18973,Bread,6,0.95,2026-01-09 08:26:00
C0026,INV18606,Butter,6,8.47,2026-01-29 19:18:00
C0065,INV13164,Milk,1,11.45,2026-01-08 17:42:00
C0214,INV13553,Diapers,6,2.89,2026-01-16 09:54:00
C0155,INV12129,Snacks,6,13.94,2026-03-24 17:51:00
C0048,INV11817,Rice,3,5.87,2026-03-26 22:04:00
C0164,INV17430,Onion,4,12.71,2026-03-27 20:49:00
C0083,INV14217,Rice,1,5.57,2026-01-08 14:24:00
C0086,INV10985,Onion,3,3.86,2026-01-09 15:59:00
C0052,INV16433,Rice,6,9.26,2026-01-19 16:49:00
C0111,INV13579,Diapers,6,2.63,2026-02-26 19:16:00
C0027,INV10572,Eggs,1,10.63,2026-02-02 20:28:00
C0005,INV18155,Cheese,6,11.81,2026-04-30 08:42:00
C0100,INV14366,Cheese,6,6.47,2026-02-20 17:00:00
C0132,INV18040,Yogurt,4,7.75,2026-04-04 20:51:00
C0202,INV11149,Steak,2,0.86,2026-03-30 21:49:00
C0124,INV11986,Wine,5,16.88,2026-02-15 13:43:00
C0078,INV16564,Milk,6,17.95,2026-03-24 09:23:00
C0137,INV15572,Eggs,4,13.88,2026-02-07 18:12:00
C0046,INV10645,Snacks,6,4.09,2026-03-31 14:57:00
C0028,INV15887,Yogurt,1,16.03,2026-02-26 19:12:00
C0036,INV10585,Chicken,1,13.18,2026-03-17 11:31:00
C0100,INV11033,Steak,6,6.09,2026-03-10 21:51:00
C0116,INV10269,Milk,3,1.76,2026-04-11 19:02:00
C0104,INV11937,Chicken,6,12.28,2026-02-28 18:55:00
C0138,INV12441,Wine,2,16.71,2026-01-05 19:09:00
C0126,INV10313,Yogurt,5,1.59,2026-03-31 18:08:00
C0004,INV12823,Milk,3,14.92,2026-01-13 15:39:00
C0044,INV11048,Butter,1,9.35,2026-04-13 17:14:00
C0017,INV13321,Apple,3,14.76,2026-04-05 18:25:00
C0084,INV11980,Wine,5,3.16,2026-04-18 20:13:00
C0196,INV10747,Wine,2,6.57,2026-01-16 12:09:00
C0194,INV16802,Rice,6,7.16,2026-01-22 15:15:00
C0149,INV10667,Cheese,1,14.41,2026-03-22 17:24:00
C0200,INV12585,Bread,4,2.19,2026-01-01 10:59:00
C0023,INV14649,Apple,6,14.69,2026-04-09 15:44:00
C0033,INV13378,Cheese,6,5.46,2026-02-27 14:15:00
C0045,INV10617,Diapers,2,13.14,2026-03-20 09:40:00
C0212,INV14935,Juice,4,0.88,2026-01-31 11:07:00
C0136,INV11568,Diapers,3,15.64,2026-03-11 16:14:00
C0119,INV13410,Onion,1,4.13,2026-04-12 10:43:00
C0217,INV17773,Yogurt,2,3.55,2026-04-29 08:03:00
C0166,INV15967,Oil,2,8.28,2026-02-12 17:51:00
C0195,INV17425,Milk,1,13.54,2026-04-29 16:11:00
C0041,INV10477,Yogurt,5,2.8,2026-04-25 11:46:00
C0114,INV15341,Apple,2,13.65,2026-04-25 13:14:00
C0200,INV11805,Cereal,2,2.49,2026-04-05 14:55:00
C0052,INV16153,Tomato,1,8.9,2026-03-04 08:56:00
C0112,INV12375,Chicken,5,8.63,2026-02-19 13:08:00
C0118,INV13182,Juice,3,4.28,2026-01-17 08:44:00
C0146,INV10978,Onion,2,2.71,2026-03-01 15:26:00
C0044,INV15630,Tomato,3,11.18,2026-04-12 20:40:00
C0157,INV12785,Wine,5,15.51,2026-01-12 14:54:00
C0134,INV18016,Chicken,5,8.94,2026-03-01 12:00:00
C0187,INV17015,Tomato,2,6.43,2026-03-16 11:57:00
C0152,INV12441,Wine,1,7.99,2026-01-06 08:30:00
C0188,INV18262,Milk,4,9.94,2026-03-03 20:51:00
C0179,INV11606,Banana,4,4.94,2026-03-13 20:00:00
C0178,INV16663,Chicken,2,6.96,2026-01-31 18:05:00
C0005,INV17861,Oil,2,12.9,2026-04-20 17:47:00
C0150,INV10400,Banana,4,14.08,2026-04-22 19:25:00
C0048,INV16069,Banana,6,11.69,2026-04-21 18:04:00
C0099,INV15455,Granola,1,5.9,2026-04-07 12:44:00
C0157,INV18888,Wine,2,14.35,2026-01-11 17:56:00
C0086,INV10899,Granola,6,7.06,2026-01-07 09:24:00
C0094,INV17625,Diapers,1,7.09,2026-01-23 18:35:00
C0181,INV11098,Steak,6,14.11,2026-01-18 13:15:00
C0139,INV11861,Yogurt,6,16.95,2026-03-16 21:44:00
C0054,INV13694,Cereal,3,16.24,2026-03-06 18:27:00
C0071,INV10893,Eggs,3,6.74,2026-03-04 16:33:00
C0213,INV12011,Yogurt,6,9.95,2026-04-16 16:57:00
C0075,INV17406,Diapers,3,14.56,2026-03-30 20:56:00
C0017,INV13086,Banana,1,2.18,2026-04-25 10:18:00
C0020,INV11792,Rice,3,2.73,2026-01-19 15:09:00
C0053,INV18531,Bread,3,7.96,2026-03-29 16:59:00
C0034,INV17765,Juice,4,8.43,2026-03-24 08:18:00
C0049,INV11032,Bread,2,15.16,2026-03-08 18:21:00
C0106,INV15617,Cereal,4,11.01,2026-03-31 16:53:00
C0141,INV17296,Banana,3,10.56,2026-04-25 20:19:00
C0044,INV14260,Tomato,4,7.2,2026-02-06 20:54:00
C0013,INV12431,Juice,3,8.64,2026-01-22 17:59:00
C0042,INV18771,Oil,2,17.54,2026-04-18 19:44:00
C0171,INV12515,Rice,2,2.81,2026-02-10 17:08:00
C0113,INV14267,Juice,2,4.33,2026-04-01 08:42:00
C0082,INV15634,Cheese,3,8.51,2026-01-21 16:19:00
C0032,INV10409,Snacks,4,14.02,2026-02-28 22:20:00
C0040,INV10071,Steak,5,6.5,2026-04-01 12:30:00
C0075,INV12410,Wine,6,16.4,2026-02-26 13:44:00
C0029,INV17848,Milk,2,12.46,2026-01-15 12:01:00
C0103,INV13611,Banana,3,2.39,2026-01-08 17:41:00
C0050,INV18626,Tomato,3,4.17,2026-01-11 16:54:00
C0115,INV11432,Granola,4,4.14,2026-02-10 17:38:00
C0131,INV10919,Juice,4,3.34,2026-04-20 14:23:00
C0099,INV16109,Bread,3,6.73,2026-02-09 15:55:00
C0144,INV11436,Chicken,6,16.07,2026-04-05 14:51:00
C0114,INV14729,Rice,6,17.49,2026-02-24 19:57:00
C0107,INV12287,Wine,5,2.28,2026-01-27 12:30:00
C0135,INV15496,Eggs,5,13.81,2026-01-12 08:26:00
C0164,INV14479,Apple,2,10.36,2026-04-01 17:48:00
C0036,INV13265,Rice,4,5.78,2026-03-04 08:52:00
C0212,INV14948,Wine,3,9.3,2026-04-05 15:14:00
C0007,INV10041,Cheese,3,5.96,2026-03-23 21:40:00
C0121,INV12035,Oil,4,3.89,2026-04-27 19:41:00
C0063,INV10467,Butter,3,9.28,2026-01-09 17:47:00
C0093,INV17873,Wine,4,15.74,2026-03-22 18:30:00
C0178,INV11960,Juice,5,13.41,2026-01-03 21:16:00
C0042,INV10959,Cheese,3,8.73,2026-03-30 10:22:00
C0042,INV10867,Onion,3,8.02,2026-04-27 13:03:00
C0075,INV14779,Granola,6,16.9,2026-03-07 11:49:00
C0161,INV13003,Butter,5,13.75,2026-03-11 13:55:00
C0081,INV14933,Onion,6,12.81,2026-02-16 09:34:00
C0149,INV15762,Cheese,1,3.16,2026-02-06 13:49:00
C0125,INV16751,Cereal,2,2.56,2026-01-20 16:14:00
C0213,INV13088,Steak,5,12.66,2026-03-09 21:34:00
C0183,INV11868,Apple,4,16.56,2026-01-15 21:08:00
C0005,INV17857,Juice,3,12.69,2026-01-18 21:28:00
C0153,INV18571,Cereal,2,13.01,2026-01-04 19:52:00
C0031,INV13644,Cheese,6,3.25,2026-01-30 12:08:00
C0054,INV12134,Eggs,4,12.68,2026-04-11 09:04:00
C0005,INV17935,Apple,1,4.18,2026-01-05 20:42:00
C0132,INV10972,Yogurt,1,16.43,2026-01-06 09:19:00
C0171,INV10169,Butter,1,16.63,2026-01-27 17:57:00
C0052,INV13028,Juice,1,2.36,2026-04-19 19:17:00
C0149,INV15699,Juice,2,15.51,2026-04-10 19:39:00
C0062,INV18273,Wine,1,2.5,2026-03-16 20:00:00
C0136,INV13556,Chicken,3,3.75,2026-04-07 16:00:00
C0186,INV11617,Chicken,5,15.44,2026-03-02 13:44:00
C0151,INV13034,Banana,6,17.27,2026-01-24 21:22:00
C0098,INV16949,Chicken,5,4.71,2026-01-15 20:20:00
C0032,INV17634,Butter,5,3.14,2026-04-08 13:45:00
C0074,INV10666,Eggs,3,9.29,2026-02-19 12:29:00
C0154,INV15112,Banana,2,10.33,2026-02-07 21:27:00
C0049,INV11141,Yogurt,6,7.12,2026-01-02 18:31:00
C0173,INV11724,Snacks,4,9.79,2026-03-28 09:07:00
C0037,INV16469,Snacks,6,10.96,2026-01-14 19:59:00
C0044,INV11061,Juice,2,6.62,2026-03-18 21:25:00
C0032,INV13816,Apple,6,9.38,2026-04-08 19:49:00
C0149,INV14473,Snacks,3,8.98,2026-03-19 14:31:00
C0131,INV14570,Cheese,4,2.66,2026-02-02 15:31:00
C0060,INV12206,Bread,1,13.49,2026-04-17 09:31:00
C0174,INV10439,Rice,4,11.2,2026-02-11 10:19:00
C0160,INV11579,Eggs,6,13.73,2026-04-09 15:50:00
C0120,INV13309,Oil,6,9.36,2026-03-06 12:34:00
C0088,INV18857,Steak,1,17.18,2026-01-05 14:56:00
C0031,INV16286,Banana,3,15.47,2026-02-26 15:02:00
C0009,INV12898,Steak,6,15.6,2026-02-08 22:45:00
C0043,INV18053,Apple,2,6.17,2026-02-19 15:48:00
C0029,INV18038,Steak,6,10.08,2026-03-02 15:35:00
C0219,INV12561,Granola,1,7.53,2026-03-05 17:24:00
C0158,INV15780,Oil,3,1.86,2026-03-17 08:08:00
C0215,INV16004,Juice,6,10.84,2026-04-08 22:40:00
C0088,INV16236,Butter,4,6.74,2026-02-15 14:22:00
C0015,INV14002,Tomato,2,11.95,2026-03-17 09:58:00
C0177,INV11074,Oil,1,6.61,2026-01-03 16:20:00
C0010,INV17552,Apple,5,9.65,2026-02-23 12:01:00
C0179,INV17696,Wine,1,17.76,2026-02-18 17:24:00
C0083,INV11602,Yogurt,1,12.68,2026-01-27 13:31:00
C0129,INV15564,Rice,5,5.95,2026-02-25 11:31:00
C0163,INV11235,Steak,2,5.74,2026-01-07 12:36:00
C0103,INV13701,Diapers,6,17.28,2026-04-02 21:37:00
C0025,INV15519,Onion,1,10.54,2026-03-09 15:27:00
C0054,INV15691,Eggs,6,14.97,2026-03-06 20:19:00
C0111,INV18847,Cereal,2,7.93,2026-02-02 17:32:00
C0117,INV18972,Rice,1,11.6,2026-03-08 21:11:00
C0148,INV18179,Chicken,6,17.35,2026-04-06 15:17:00
C0164,INV18729,Diapers,4,16.88,2026-04-04 18:03:00
C0134,INV13288,Juice,4,3.34,2026-01-20 19:43:00
C0196,INV14920,Apple,4,6.28,2026-04-17 22:04:00
C0163,INV13336,Apple,3,14.97,2026-03-24 10:16:00
C0176,INV13869,Snacks,2,2.75,2026-01-25 08:15:00
C0205,INV15088,Banana,4,10.43,2026-02-25 14:41:00
C0010,INV13310,Rice,3,3.15,2026-02-03 20:51:00
C0072,INV12884,Milk,6,9.16,2026-01-03 08:55:00
C0022,INV15144,Diapers,3,15.72,2026-04-26 14:57:00
C0094,INV11480,Snacks,6,15.3,2026-01-31 09:36:00
C0189,INV18197,Butter,5,12.22,2026-03-16 20:59:00
C0135,INV14126,Yogurt,1,4.89,2026-01-16 20:51:00
C0081,INV15396,Wine,6,7.51,2026-04-06 19:15:00
C0109,INV13572,Cheese,1,3.81,2026-02-05 15:26:00
C0066,INV10917,Yogurt,5,7.24,2026-01-15 13:34:00
C0109,INV17781,Tomato,3,15.93,2026-04-30 10:23:00
C0122,INV16026,Oil,1,11.9,2026-04-26 17:02:00
C0216,INV10896,Tomato,3,10.31,2026-02-09 18:44:00
C0093,INV12000,Steak,2,15.55,2026-02-19 08:58:00
C0101,INV14187,Oil,1,16.9,2026-04-07 11:19:00
C0054,INV12626,Banana,6,6.26,2026-04-14 20:41:00
C0105,INV10556,Onion,1,14.96,2026-05-01 15:30:00
C0189,INV16766,Cereal,6,8.06,2026-04-28 21:06:00
C0212,INV12628,Onion,5,1.94,2026-02-23 17:46:00
C0209,INV18974,Cereal,4,12.76,2026-04-08 08:41:00
C0165,INV13011,Banana,6,3.14,2026-02-21 11:40:00
C0079,INV15141,Wine,1,2.71,2026-02-01 16:45:00
C0197,INV12132,Diapers,6,7.86,2026-05-01 13:28:00
C0123,INV12188,Onion,2,12.62,2026-04-16 13:51:00
C0073,INV13255,Eggs,4,7.12,2026-02-20 22:24:00
C0214,INV13678,Bread,1,16.68,2026-03-24 17:40:00
C0059,INV11458,Banana,2,5.3,2026-04-20 10:03:00
C0103,INV17028,Diapers,3,3.37,2026-02-17 10:36:00
C0031,INV10232,Granola,4,14.1,2026-04-29 15:52:00
C0173,INV18097,Butter,2,13.07,2026-01-25 21:52:00
C0201,INV14362,Oil,6,9.3,2026-01-17 14:54:00
C0053,INV13532,Oil,6,12.45,2026-02-23 10:26:00
C0203,INV12392,Bread,3,17.59,2026-01-31 17:28:00
C0064,INV16057,Wine,6,11.93,2026-01-11 08:30:00
C0035,INV15297,Snacks,6,4.45,2026-02-19 19:27:00
C0189,INV14199,Eggs,1,10.38,2026-01-07 13:59:00
C0061,INV17716,Juice,5,16.96,2026-04-13 17:45:00
C0192,INV10746,Bread,3,9.48,2026-02-18 12:25:00
C0172,INV16077,Cheese,5,1.51,2026-01-23 12:10:00
C0129,INV18075,Cereal,4,3.07,2026-02-10 19:33:00
C0111,INV12324,Onion,1,6.19,2026-01-17 15:55:00
C0214,INV14604,Juice,4,5.67,2026-04-23 12:39:00
C0213,INV14322,Granola,3,8.3,2026-01-22 13:47:00
C0126,INV12479,Steak,6,11.75,2026-02-26 08:12:00
C0039,INV10895,Tomato,2,1.42,2026-02-03 10:45:00
C0120,INV17151,Butter,4,1.5,2026-02-15 19:35:00
C0125,INV17500,Yogurt,1,15.35,2026-04-21 10:07:00
C0090,INV11534,Chicken,3,3.91,2026-01-22 19:32:00
C0211,INV14470,Wine,6,10.87,2026-03-16 08:33:00
C0197,INV12959,Apple,1,5.03,2026-03-05 18:06:00
C0085,INV10426,Oil,6,17.68,2026-01-16 14:23:00
C0152,INV11738,Cereal,2,1.3,2026-02-28 21:45:00
C0169,INV17862,Banana,6,17.23,2026-03-18 18:00:00
C0085,INV10719,Diapers,4,6.39,2026-04-04 19:58:00
C0205,INV12119,Chicken,1,14.59,2026-02-06 13:51:00
C0015,INV11159,Steak,5,7.36,2026-02-21 12:11:00
C0062,INV16536,Eggs,1,15.46,2026-01-21 14:49:00
C0104,INV14669,Cheese,1,5.94,2026-04-13 14:47:00
C0207,INV15081,Diapers,2,6.98,2026-01-13 21:23:00
C0132,INV13275,Yogurt,4,16.03,2026-03-02 12:36:00
C0154,INV16932,Eggs,4,14.75,2026-03-20 10:27:00
C0162,INV16980,Eggs,1,9.63,2026-03-01 18:14:00
C0166,INV12541,Yogurt,5,11.63,2026-03-09 09:18:00
C0120,INV17166,Eggs,4,5.97,2026-01-17 18:57:00
C0077,INV14074,Granola,4,5.88,2026-01-07 16:04:00
C0012,INV18412,Butter,5,8.11,2026-01-13 15:42:00
C0185,INV14152,Juice,3,10.87,2026-04-09 16:01:00
C0030,INV17584,Rice,2,15.3,2026-01-06 09:26:00
C0181,INV14877,Cereal,5,13.25,2026-04-07 18:28:00
C0160,INV14343,Cereal,2,4.43,2026-01-11 19:38:00
C0067,INV11743,Apple,5,1.11,2026-02-20 09:00:00
C0044,INV17818,Banana,6,7.77,2026-03-26 19:38:00
C0186,INV17975,Oil,5,14.79,2026-03-20 13:44:00
C0173,INV16472,Oil,1,2.95,2026-01-02 11:07:00
C0209,INV10261,Chicken,1,4.4,2026-03-25 10:41:00
C0062,INV17140,Steak,2,2.28,2026-04-09 15:09:00
C0122,INV16913,Bread,1,3.66,2026-01-20 19:44:00
C0114,INV17948,Yogurt,1,15.59,2026-03-16 11:12:00
C0076,INV16419,Milk,3,0.94,2026-03-22 21:45:00
C0111,INV16811,Yogurt,6,10.75,2026-04-04 16:18:00
C0010,INV17988,Snacks,4,9.63,2026-04-03 17:59:00
C0174,INV17994,Tomato,6,1.84,2026-01-03 14:36:00
C0081,INV11041,Onion,6,7.97,2026-03-02 09:31:00
C0160,INV15682,Banana,6,8.3,2026-01-21 12:46:00
C0050,INV17689,Juice,4,4.79,2026-01-29 17:58:00
C0176,INV15557,Diapers,6,12.1,2026-01-17 22:18:00
C0186,INV16396,Apple,6,12.02,2026-02-16 20:30:00
C0205,INV12655,Diapers,2,5.66,2026-04-06 09:42:00
C0124,INV12116,Rice,2,3.49,2026-03-04 09:50:00
C0107,INV18090,Oil,2,4.4,2026-01-07 08:22:00
C0067,INV15850,Rice,2,15.04,2026-04-25 16:02:00
C0207,INV11044,Cereal,4,2.76,2026-01-30 09:35:00
C0058,INV17969,Onion,3,14.3,2026-04-09 08:49:00
C0143,INV14383,Cheese,6,15.83,2026-03-19 18:06:00
C0181,INV10827,Banana,4,17.36,2026-04-07 09:06:00
C0201,INV11670,Steak,1,9.53,2026-01-22 18:07:00
C0053,INV15926,Rice,6,5.82,2026-02-26 20:32:00
C0128,INV11627,Cheese,6,7.06,2026-04-15 10:07:00
C0218,INV13308,Banana,4,14.03,2026-01-01 11:53:00
C0208,INV17761,Cereal,3,9.49,2026-01-11 12:23:00
C0184,INV16800,Juice,6,12.24,2026-01-20 20:48:00
C0136,INV16910,Tomato,2,14.59,2026-02-22 22:26:00
C0118,INV18457,Juice,1,8.41,2026-04-09 08:45:00
C0207,INV18477,Eggs,1,6.62,2026-02-21 20:10:00
C0112,INV11008,Snacks,1,12.16,2026-03-24 10:57:00
C0148,INV10948,Granola,3,8.01,2026-04-24 18:44:00
C0142,INV14987,Cereal,3,0.94,2026-02-05 22:33:00
C0157,INV12407,Snacks,4,11.87,2026-04-24 16:39:00
C0202,INV17245,Juice,6,7.76,2026-01-26 22:19:00
C0022,INV10606,Steak,3,7.51,2026-04-03 19:56:00
C0033,INV18528,Steak,3,4.48,2026-03-07 16:19:00
C0134,INV15583,Rice,1,1.28,2026-04-12 16:37:00
C0067,INV13955,Oil,6,8.07,2026-03-06 09:46:00
C0016,INV16111,Onion,6,9.53,2026-01-16 08:48:00
C0167,INV12044,Banana,3,10.65,2026-01-01 15:21:00
C0061,INV18738,Diapers,2,6.83,2026-02-06 18:50:00
C0209,INV12294,Snacks,5,13.49,2026-01-14 13:33:00
C0150,INV13155,Juice,4,2.49,2026-04-02 14:53:00
C0106,INV11343,Eggs,1,8.11,2026-01-17 15:13:00
C0115,INV11280,Juice,6,9.85,2026-03-17 16:33:00
C0200,INV16469,Onion,5,9.38,2026-02-24 15:44:00
C0126,INV16831,Rice,2,9.5,2026-03-04 19:29:00
C0034,INV18409,Granola,1,12.74,2026-02-28 15:02:00
C0192,INV12570,Steak,3,16.65,2026-01-16 17:54:00
C0105,INV11808,Butter,3,10.63,2026-01-06 16:09:00
C0031,INV16087,Oil,3,6.02,2026-03-04 08:50:00
C0037,INV12329,Wine,4,1.64,2026-04-25 12:56:00
C0073,INV13533,Rice,6,9.21,2026-01-16 16:22:00
C0018,INV10733,Apple,4,10.66,2026-03-14 15:57:00
C0087,INV16182,Yogurt,6,15.14,2026-01-17 20:08:00
C0130,INV17552,Banana,6,8.52,2026-04-21 19:20:00
C0023,INV16712,Snacks,2,16.28,2026-02-13 16:02:00
C0172,INV17260,Onion,6,2.32,2026-01-22 19:01:00
C0147,INV15061,Steak,6,2.93,2026-03-13 09:12:00
C0159,INV18878,Wine,1,17.27,2026-03-08 11:48:00
C0122,INV18236,Bread,1,12.12,2026-03-10 10:01:00
C0071,INV13372,Tomato,6,15.23,2026-03-16 15:05:00
C0207,INV18742,Diapers,3,7.71,2026-01-06 15:55:00
C0006,INV15570,Apple,2,7.94,2026-04-21 16:20:00
C0098,INV14214,Eggs,1,17.65,2026-03-11 10:18:00
C0037,INV12993,Onion,1,3.45,2026-02-22 18:10:00
C0016,INV15330,Rice,1,13.07,2026-02-08 14:06:00
C0082,INV12335,Apple,3,5.24,2026-05-01 21:57:00
C0031,INV10850,Chicken,2,13.74,2026-03-17 11:31:00
C0131,INV18265,Snacks,1,5.43,2026-02-10 15:35:00
C0105,INV11073,Yogurt,1,7.81,2026-01-30 22:56:00
C0005,INV14410,Steak,5,12.41,2026-02-01 20:35:00
C0167,INV12058,Oil,5,7.8,2026-01-11 21:40:00
C0129,INV13334,Cheese,3,10.1,2026-01-22 20:15:00
C0138,INV16943,Steak,4,1.52,2026-04-15 15:53:00
C0159,INV14740,Rice,1,1.84,2026-04-28 15:17:00
C0154,INV14111,Snacks,3,15.29,2026-01-28 17:53:00
C0131,INV14610,Milk,2,13.51,2026-03-14 09:19:00
C0023,INV16477,Butter,2,13.27,2026-02-05 22:27:00
C0054,INV18271,Cereal,6,17.06,2026-03-23 12:48:00
C0182,INV17418,Onion,2,12.19,2026-02-11 13:13:00
C0118,INV15382,Bread,6,3.1,2026-04-29 08:38:00
C0122,INV10071,Bread,6,3.78,2026-03-13 22:44:00
C0181,INV18012,Snacks,5,2.2,2026-04-23 18:41:00
C0020,INV18826,Bread,6,8.46,2026-01-16 13:52:00
C0097,INV15865,Snacks,2,15.23,2026-04-14 19:00:00
C0032,INV17581,Juice,2,8.45,2026-01-29 19:01:00
C0195,INV14607,Juice,2,2.35,2026-03-20 18:19:00
C0207,INV13624,Tomato,4,17.44,2026-01-05 12:31:00
C0181,INV13426,Bread,2,17.73,2026-03-23 14:07:00
C0072,INV18198,Yogurt,2,10.29,2026-03-26 19:36:00
C0173,INV12876,Eggs,5,3.01,2026-01-09 10:16:00
C0146,INV13735,Granola,6,14.25,2026-01-25 21:43:00
C0006,INV18732,Diapers,3,12.51,2026-04-24 15:00:00
C0110,INV10850,Cereal,4,15.32,2026-02-22 12:07:00
C0175,INV18492,Banana,4,7.02,2026-04-08 08:56:00
C0185,INV13679,Milk,3,16.6,2026-03-10 15:20:00
C0002,INV16421,Chicken,3,2.21,2026-03-15 20:01:00
C0189,INV13697,Apple,1,16.57,2026-01-26 10:21:00
C0080,INV11030,Butter,1,9.06,2026-04-14 08:37:00
C0205,INV15478,Onion,2,2.65,2026-01-31 13:53:00
C0014,INV15466,Granola,2,17.03,2026-04-10 17:39:00
C0113,INV11568,Banana,5,2.95,2026-01-08 22:02:00
C0097,INV15133,Eggs,2,1.87,2026-04-13 15:03:00
C0078,INV17076,Eggs,1,12.45,2026-03-13 08:18:00
C0218,INV16250,Snacks,1,11.42,2026-02-22 11:55:00
C0154,INV10174,Banana,4,8.78,2026-02-24 22:39:00
C0159,INV11660,Cereal,6,16.93,2026-04-11 08:29:00
C0133,INV15378,Wine,2,2.66,2026-01-02 17:45:00
C0018,INV13173,Wine,2,11.76,2026-02-02 13:26:00
C0124,INV17285,Rice,2,3.17,2026-01-06 08:08:00
C0080,INV17141,Granola,6,13.78,2026-02-09 17:56:00
C0139,INV12386,Cheese,4,6.11,2026-02-13 12:23:00
C0003,INV18482,Wine,6,12.47,2026-01-08 11:32:00
C0210,INV10895,Apple,3,4.16,2026-01-26 18:58:00
C0052,INV11121,Cereal,2,12.29,2026-03-30 19:29:00
C0154,INV15426,Wine,5,17.36,2026-03-20 12:26:00
C0085,INV12659,Butter,4,15.87,2026-04-27 08:31:00
C0057,INV10061,Tomato,6,4.76,2026-03-21 11:15:00
C0124,INV15432,Snacks,2,7.69,2026-04-16 08:23:00
C0003,INV11209,Juice,1,10.34,2026-01-19 12:28:00
C0050,INV15897,Milk,1,4.22,2026-02-06 10:14:00
C0068,INV12856,Cereal,5,5.03,2026-01-26 08:11:00
C0216,INV14290,Butter,1,15.1,2026-01-18 14:41:00
C0202,INV11819,Cereal,2,6.05,2026-01-31 13:51:00
C0096,INV12808,Granola,5,15.96,2026-04-23 19:04:00
C0031,INV12367,Cheese,2,4.1,2026-02-18 19:23:00
C0082,INV17038,Tomato,1,13.93,2026-03-17 11:54:00
C0138,INV14820,Cheese,3,5.05,2026-03-22 20:17:00
C0033,INV18328,Wine,4,4.4,2026-01-11 20:30:00
C0203,INV11063,Rice,5,7.48,2026-04-23 18:48:00
C0131,INV16132,Yogurt,5,8.79,2026-02-11 19:23:00
C0135,INV17919,Yogurt,4,5.42,2026-02-21 18:58:00
C0203,INV10600,Chicken,2,16.19,2026-02-27 21:15:00
C0102,INV13582,Oil,4,16.09,2026-03-15 10:59:00
C0216,INV16130,Onion,5,2.26,2026-04-07 09:18:00
C0114,INV18501,Juice,2,10.84,2026-03-01 16:39:00
C0087,INV16982,Banana,4,8.24,2026-02-17 20:31:00
C0082,INV14474,Snacks,1,3.89,2026-01-30 12:41:00
C0020,INV15884,Eggs,3,15.29,2026-03-07 16:41:00
C0021,INV14529,Tomato,1,2.84,2026-02-16 08:34:00
C0052,INV15469,Chicken,6,6.46,2026-02-08 19:52:00
C0197,INV14497,Chicken,6,11.19,2026-01-18 21:48:00
C0184,INV18899,Onion,1,14.05,2026-02-06 21:22:00
C0201,INV16617,Snacks,5,13.83,2026-01-02 15:41:00
C0132,INV12446,Snacks,2,4.7,2026-04-06 11:30:00
C0060,INV18452,Wine,5,13.83,2026-04-03 21:29:00
C0088,INV11407,Cereal,2,8.18,2026-05-01 19:26:00
C0054,INV17188,Banana,5,1.32,2026-01-18 17:55:00
C0033,INV15007,Bread,4,14.74,2026-04-17 13:21:00
C0058,INV16868,Apple,6,13.75,2026-04-08 20:44:00
C0138,INV14910,Cereal,5,1.2,2026-04-11 08:59:00
C0036,INV12519,Cereal,5,11.63,2026-03-19 22:38:00
C0147,INV16405,Snacks,2,17.12,2026-01-09 16:24:00
C0049,INV17779,Butter,3,10.6,2026-02-27 18:57:00
C0078,INV11528,Rice,1,12.41,2026-01-23 08:52:00
C0177,INV18006,Bread,2,4.22,2026-04-27 14:18:00
C0053,INV13819,Oil,6,9.82,2026-02-28 08:23:00
C0133,INV10181,Rice,3,15.59,2026-02-22 14:10:00
C0029,INV12116,Steak,4,9.03,2026-01-09 14:57:00
C0053,INV12129,Chicken,3,8.23,2026-04-01 18:30:00
C0041,INV15085,Wine,2,9.44,2026-03-29 15:17:00
C0052,INV10122,Cheese,4,1.9,2026-02-21 17:51:00
C0064,INV18616,Cereal,5,15.92,2026-02-28 15:36:00
C0011,INV11493,Oil,6,15.95,2026-02-28 13:44:00
C0216,INV14874,Snacks,5,14.96,2026-04-19 10:26:00
C0064,INV12943,Diapers,6,8.23,2026-02-19 22:42:00
C0047,INV11566,Snacks,6,17.07,2026-01-31 22:55:00
C0041,INV14486,Steak,3,12.27,2026-01-09 19:46:00
C0185,INV13560,Yogurt,4,17.87,2026-03-12 09:23:00
C0020,INV11724,Granola,3,7.85,2026-01-22 12:13:00
C0130,INV10732,Banana,1,2.06,2026-03-30 18:47:00
C0119,INV16245,Cereal,6,7.67,2026-01-25 14:02:00
C0003,INV14106,Butter,6,16.57,2026-02-11 18:47:00
C0119,INV17943,Banana,1,2.22,2026-03-26 11:45:00
C0113,INV12298,Yogurt,3,15.27,2026-01-22 21:01:00
C0156,INV11647,Rice,3,2.94,2026-04-05 14:10:00
C0020,INV10184,Onion,2,8.38,2026-01-23 11:45:00
C0009,INV18722,Chicken,4,12.78,2026-04-18 18:51:00
C0134,INV11685,Snacks,6,6.1,2026-01-07 17:00:00
C0013,INV16184,Chicken,2,7.24,2026-01-31 11:05:00
C0005,INV16909,Bread,1,6.6,2026-01-25 18:42:00
C0017,INV13614,Butter,6,3.69,2026-01-22 08:26:00
C0132,INV11765,Cereal,3,10.47,2026-01-25 17:13:00
C0139,INV16473,Apple,1,4.8,2026-01-14 13:20:00
C0045,INV10246,Snacks,6,6.24,2026-02-19 11:29:00
C0057,INV11082,Onion,6,11.53,2026-01-06 09:56:00
C0056,INV16736,Oil,5,9.39,2026-01-14 19:34:00
C0203,INV12810,Onion,1,11.12,2026-03-22 19:24:00
C0174,INV12178,Cereal,2,11.73,2026-04-24 19:20:00
C0218,INV17900,Eggs,3,1.1,2026-04-27 17:28:00
C0098,INV18373,Tomato,5,10.9,2026-01-02 11:01:00
C0158,INV12033,Oil,2,13.49,2026-04-07 11:39:00
C0021,INV10982,Cheese,3,9.38,2026-01-26 10:24:00
C0053,INV10622,Tomato,6,11.09,2026-02-26 19:56:00
C0085,INV12200,Onion,3,11.87,2026-04-08 08:33:00
C0203,INV16798,Oil,1,4.74,2026-04-04 13:21:00
C0063,INV13373,Steak,1,16.39,2026-03-27 11:51:00
C0176,INV13645,Diapers,4,9.77,2026-01-24 15:40:00
C0002,INV11059,Yogurt,1,17.2,2026-01-07 18:09:00
C0053,INV12058,Eggs,2,10.99,2026-04-17 20:59:00
C0053,INV13872,Granola,1,8.13,2026-03-01 12:10:00
C0185,INV13237,Tomato,4,3.83,2026-02-01 12:18:00
C0148,INV17345,Chicken,3,15.63,2026-03-03 09:23:00
C0102,INV16189,Rice,4,8.39,2026-03-06 17:47:00
C0111,INV12554,Yogurt,1,13.91,2026-02-24 21:05:00
C0195,INV14919,Diapers,5,3.43,2026-04-04 10:16:00
C0098,INV17597,Oil,4,5.67,2026-03-13 17:30:00
C0019,INV15460,Cheese,6,8.87,2026-01-20 22:12:00
C0002,INV10211,Granola,6,13.28,2026-03-04 14:59:00
C0107,INV16466,Juice,4,9.22,2026-03-24 17:04:00
C0105,INV10637,Butter,4,16.83,2026-01-21 11:48:00
C0112,INV14183,Juice,5,13.0,2026-03-23 19:23:00
C0179,INV10946,Snacks,4,13.45,2026-02-01 15:02:00
C0209,INV15922,Bread,6,12.25,2026-01-19 12:38:00
C0117,INV12415,Onion,2,11.16,2026-03-26 21:10:00
C0004,INV11913,Eggs,6,13.04,2026-02-19 14:45:00
C0151,INV11317,Granola,2,15.87,2026-01-22 21:27:00
C0065,INV14952,Granola,5,12.13,2026-02-18 17:19:00
C0188,INV16744,Eggs,1,11.74,2026-04-10 20:22:00
C0209,INV12339,Onion,6,4.4,2026-04-06 14:44:00
C0079,INV10106,Rice,4,0.83,2026-01-09 20:44:00
C0107,INV18601,Apple,6,5.76,2026-02-25 10:11:00
C0096,INV13054,Cheese,2,9.17,2026-03-06 09:28:00
C0146,INV13483,Rice,2,1.81,2026-01-24 20:48:00
C0050,INV14250,Apple,4,11.58,2026-03-21 09:55:00
C0163,INV12722,Eggs,3,2.27,2026-01-16 12:04:00
C0088,INV10487,Wine,2,9.02,2026-03-28 20:06:00
C0003,INV11001,Onion,1,12.24,2026-04-12 08:06:00
C0055,INV18558,Bread,4,11.17,2026-04-08 12:59:00
C0125,INV17754,Cereal,5,8.19,2026-02-17 18:56:00
C0088,INV15165,Tomato,3,12.24,2026-02-18 17:03:00
C0092,INV15411,Butter,1,8.66,2026-03-31 14:46:00
C0214,INV12276,Bread,5,2.91,2026-03-09 12:44:00
C0193,INV14073,Juice,4,11.44,2026-03-26 21:30:00
C0132,INV16769,Chicken,1,17.76,2026-05-01 21:20:00
C0005,INV15902,Milk,6,6.4,2026-02-26 11:38:00
C0125,INV16557,Diapers,1,6.79,2026-05-01 22:59:00
C0122,INV11646,Snacks,3,11.24,2026-04-02 10:55:00
C0134,INV18268,Milk,2,9.36,2026-01-12 12:53:00
C0173,INV18991,Banana,2,16.22,2026-01-15 15:42:00
C0139,INV13947,Tomato,2,3.73,2026-05-01 18:44:00
C0023,INV11729,Apple,6,1.3,2026-04-29 22:20:00
C0099,INV14594,Tomato,6,5.23,2026-03-02 22:42:00
C0032,INV12225,Steak,6,13.28,2026-01-12 20:44:00
C0086,INV13667,Wine,5,1.91,2026-02-13 14:58:00
C0184,INV16253,Steak,4,14.71,2026-01-29 12:07:00
C0075,INV11437,Butter,1,6.65,2026-03-17 22:12:00
C0191,INV11903,Wine,3,2.99,2026-02-10 14:36:00
C0189,INV10028,Oil,1,10.95,2026-01-25 21:24:00
C0109,INV15238,Juice,6,16.86,2026-01-17 16:42:00
C0155,INV13640,Butter,4,0.96,2026-04-20 15:20:00
C0038,INV14864,Tomato,4,12.5,2026-01-19 17:18:00
C0038,INV10563,Diapers,3,6.11,2026-03-30 09:17:00
C0218,INV17837,Chicken,4,5.81,2026-02-18 08:51:00
C0086,INV12502,Chicken,6,16.87,2026-01-29 19:47:00
C0014,INV12934,Yogurt,6,7.54,2026-04-15 18:58:00
C0218,INV12609,Bread,5,7.55,2026-02-24 18:30:00
C0090,INV16413,Snacks,1,9.88,2026-02-06 12:44:00
C0050,INV18979,Snacks,1,3.05,2026-04-07 20:37:00
C0207,INV10887,Oil,4,12.06,2026-03-15 10:28:00
C0179,INV17905,Oil,2,4.41,2026-04-13 19:12:00
C0189,INV10150,Juice,6,15.53,2026-01-14 18:50:00
C0220,INV12419,Snacks,4,12.49,2026-01-22 22:03:00
C0025,INV15826,Yogurt,2,17.06,2026-01-16 16:41:00
C0087,INV17108,Cheese,6,13.23,2026-02-01 08:07:00
C0062,INV16499,Yogurt,3,12.63,2026-01-23 18:47:00
C0097,INV11469,Banana,6,7.37,2026-03-22 18:28:00
C0095,INV10191,Butter,1,2.22,2026-03-04 18:42:00
C0131,INV13686,Bread,5,10.66,2026-03-15 15:17:00
C0178,INV11550,Wine,2,7.4,2026-03-24 19:27:00
C0077,INV12052,Butter,3,1.89,2026-04-27 21:50:00
C0138,INV13030,Snacks,6,1.14,2026-03-13 21:34:00
C0201,INV18685,Yogurt,1,9.73,2026-03-16 16:45:00
C0210,INV12034,Chicken,6,16.24,2026-01-24 21:38:00
C0178,INV12949,Bread,5,8.49,2026-02-10 09:02:00
C0033,INV13379,Rice,1,10.47,2026-04-19 20:02:00
C0022,INV12044,Granola,3,7.05,2026-03-11 10:27:00
C0169,INV10002,Tomato,3,1.59,2026-03-08 22:50:00
C0076,INV18751,Banana,2,10.73,2026-03-30 13:33:00
C0091,INV18819,Granola,2,12.63,2026-03-26 21:02:00
C0061,INV10602,Chicken,2,5.95,2026-04-17 11:08:00
C0155,INV13540,Wine,3,5.57,2026-04-04 17:27:00
C0020,INV14178,Onion,4,11.98,2026-01-21 14:29:00
C0022,INV14165,Apple,6,3.26,2026-01-27 09:40:00
C0188,INV14414,Chicken,6,7.2,2026-03-26 18:52:00
C0131,INV12688,Apple,2,6.24,2026-04-11 14:24:00
C0007,INV14056,Eggs,3,2.94,2026-01-15 18:35:00
C0105,INV11081,Cereal,6,2.33,2026-04-27 13:49:00
C0070,INV12398,Tomato,3,0.97,2026-02-18 11:24:00
C0027,INV12024,Rice,5,13.33,2026-02-09 17:52:00
C0207,INV18022,Butter,5,6.8,2026-03-15 21:18:00
C0142,INV14441,Diapers,1,16.22,2026-01-22 13:48:00
C0100,INV12961,Juice,6,12.46,2026-04-11 16:35:00
C0153,INV16598,Yogurt,5,2.99,2026-01-02 18:32:00
C0183,INV12548,Cheese,2,7.32,2026-04-05 12:03:00
C0186,INV16065,Tomato,6,11.27,2026-04-01 15:11:00
C0113,INV15800,Banana,5,5.73,2026-02-24 16:45:00
C0209,INV13749,Oil,6,15.56,2026-02-09 14:49:00
C0081,INV11477,Eggs,1,13.36,2026-05-01 09:10:00
C0148,INV10941,Eggs,6,5.72,2026-04-29 15:51:00
C0003,INV16947,Granola,6,3.15,2026-03-05 16:43:00
C0174,INV18723,Butter,4,1.04,2026-01-25 22:53:00
C0191,INV10120,Apple,6,9.99,2026-02-14 11:47:00
C0170,INV18653,Diapers,1,11.25,2026-01-22 18:59:00
C0196,INV18578,Tomato,2,2.09,2026-04-18 10:32:00
C0091,INV10835,Apple,4,7.32,2026-02-17 09:21:00
C0174,INV14093,Steak,1,5.79,2026-03-03 12:16:00
C0055,INV10037,Wine,4,4.54,2026-02-09 22:59:00
C0165,INV18447,Milk,4,16.15,2026-04-19 15:03:00
C0092,INV10097,Diapers,4,6.45,2026-02-15 09:00:00
C0090,INV13051,Snacks,3,0.95,2026-02-25 15:12:00
C0022,INV18669,Granola,2,7.86,2026-04-27 15:00:00
C0040,INV14099,Tomato,4,7.6,2026-02-08 13:27:00
C0047,INV18789,Onion,1,17.82,2026-03-26 21:28:00
C0042,INV12292,Juice,6,8.26,2026-02-15 22:55:00
C0182,INV13252,Butter,2,5.7,2026-01-18 14:26:00
C0191,INV15427,Milk,2,12.26,2026-03-03 18:17:00
C0031,INV16900,Yogurt,5,9.32,2026-03-29 19:08:00
C0084,INV16552,Granola,6,16.69,2026-04-18 21:24:00
C0034,INV11798,Butter,1,2.97,2026-02-14 16:00:00
C0197,INV13875,Milk,6,15.07,2026-02-24 17:47:00
C0003,INV17117,Yogurt,3,5.65,2026-01-11 20:27:00
C0064,INV12499,Granola,2,5.09,2026-04-09 09:55:00
C0068,INV14053,Apple,2,8.95,2026-04-11 20:06:00
C0180,INV18231,Diapers,2,4.05,2026-04-20 17:40:00
C0163,INV12437,Tomato,1,3.08,2026-01-05 12:12:00
C0038,INV16985,Bread,5,4.23,2026-04-21 08:24:00
C0105,INV18602,Oil,6,11.69,2026-01-30 11:21:00
C0110,INV17852,Milk,5,8.15,2026-01-07 12:07:00
C0069,INV15957,Onion,3,13.04,2026-02-01 13:57:00
C0013,INV12978,Milk,1,1.7,2026-04-06 13:13:00
C0074,INV17735,Onion,5,2.53,2026-01-24 12:31:00
C0094,INV15477,Oil,1,2.47,2026-01-02 18:35:00
C0198,INV12135,Cereal,3,13.55,2026-02-16 19:49:00
C0151,INV18665,Diapers,3,4.9,2026-02-05 11:37:00
C0099,INV11430,Butter,2,11.63,2026-03-19 09:02:00
C0151,INV13121,Chicken,6,8.47,2026-01-13 09:34:00
C0159,INV15619,Oil,6,8.96,2026-04-08 11:34:00
C0185,INV12518,Milk,2,4.1,2026-03-12 19:16:00
C0195,INV15691,Juice,4,11.63,2026-01-16 22:27:00
C0018,INV17911,Apple,5,16.82,2026-03-06 20:01:00
C0043,INV14492,Cheese,3,1.58,2026-03-14 08:50:00
C0178,INV13117,Snacks,4,12.58,2026-04-22 16:04:00
C0043,INV17173,Granola,4,10.47,2026-02-19 14:38:00
C0070,INV13391,Rice,1,3.55,2026-01-28 17:44:00
C0003,INV18402,Banana,5,12.97,2026-03-09 12:19:00
C0219,INV13610,Oil,6,5.42,2026-01-16 10:14:00
C0012,INV18742,Tomato,3,1.47,2026-01-19 22:17:00
C0035,INV14431,Milk,6,17.66,2026-04-16 11:34:00
C0030,INV10023,Juice,6,11.21,2026-02-17 13:05:00
C0181,INV19000,Onion,6,3.1,2026-04-25 17:18:00
C0084,INV10939,Bread,3,4.57,2026-02-05 10:16:00
C0005,INV18805,Wine,1,13.23,2026-03-30 14:41:00
C0066,INV13378,Banana,2,6.38,2026-01-27 17:40:00
C0207,INV16480,Cheese,4,4.79,2026-04-03 14:23:00
C0038,INV17849,Eggs,4,3.92,2026-01-24 21:55:00
C0046,INV13095,Wine,4,17.03,2026-01-24 18:18:00
C0006,INV15082,Rice,2,14.86,2026-03-29 17:12:00
C0018,INV12352,Eggs,4,5.02,2026-04-27 18:25:00
C0026,INV18631,Cheese,6,13.71,2026-01-02 17:06:00
C0097,INV16292,Bread,1,15.02,2026-04-08 21:41:00
C0012,INV12166,Tomato,1,5.4,2026-05-01 18:38:00
C0004,INV10154,Butter,5,13.46,2026-02-13 21:45:00
C0022,INV13315,Cheese,4,13.87,2026-04-25 15:52:00
C0042,INV15037,Cereal,4,3.46,2026-01-08 16:44:00
C0069,INV18907,Butter,1,14.99,2026-01-14 16:18:00
C0027,INV18382,Apple,2,0.82,2026-01-29 08:14:00
C0110,INV16315,Cheese,3,12.07,2026-01-29 22:56:00
C0176,INV16304,Butter,4,3.72,2026-01-15 11:06:00
C0073,INV15855,Eggs,5,6.54,2026-02-16 22:59:00
C0022,INV10711,Diapers,2,3.86,2026-03-09 13:38:00
C0047,INV16968,Cheese,6,12.62,2026-03-21 21:18:00
C0090,INV11703,Onion,4,12.18,2026-04-30 12:51:00
C0183,INV11252,Bread,2,14.18,2026-01-19 13:09:00
C0100,INV17319,Yogurt,1,2.75,2026-02-24 19:17:00
C0038,INV11482,Cereal,2,3.93,2026-02-19 13:20:00
C0127,INV16945,Yogurt,6,17.53,2026-03-19 20:40:00
C0086,INV12265,Tomato,4,8.0,2026-03-05 16:34:00
C0127,INV18725,Steak,2,7.42,2026-03-16 19:26:00
C0135,INV13594,Eggs,2,7.02,2026-01-27 21:01:00
C0093,INV17765,Cheese,1,1.82,2026-02-14 13:54:00
C0218,INV12284,Oil,4,3.28,2026-04-20 16:59:00
C0108,INV13974,Chicken,2,1.76,2026-01-18 09:44:00
C0181,INV12345,Snacks,6,1.25,2026-02-24 13:03:00
C0180,INV11737,Wine,1,9.0,2026-03-18 21:10:00
C0008,INV12407,Juice,2,2.16,2026-01-10 08:36:00
C0213,INV16824,Cheese,2,8.88,2026-01-18 19:33:00
C0179,INV14908,Yogurt,4,13.23,2026-02-26 20:41:00
C0178,INV10217,Oil,1,3.48,2026-04-23 18:02:00
C0155,INV12844,Granola,2,0.99,2026-04-17 14:43:00
C0117,INV14228,Wine,5,6.06,2026-01-30 14:59:00
C0041,INV14454,Eggs,5,7.29,2026-01-17 19:13:00
C0103,INV10918,Tomato,4,3.96,2026-04-06 16:38:00
C0216,INV11265,Banana,4,6.19,2026-03-24 14:52:00
C0098,INV12701,Milk,3,11.92,2026-01-25 12:06:00
C0027,INV11275,Juice,5,14.2,2026-02-12 08:15:00
C0073,INV12667,Steak,1,1.92,2026-03-18 08:48:00
C0080,INV13076,Steak,2,11.78,2026-01-05 11:17:00
C0022,INV10736,Wine,4,1.59,2026-02-10 09:19:00
C0003,INV15844,Oil,4,9.4,2026-02-10 20:25:00
C0186,INV15831,Cheese,6,12.4,2026-02-12 14:57:00
C0190,INV18251,Butter,5,14.69,2026-01-20 08:37:00
C0204,INV16261,Yogurt,5,15.74,2026-01-05 12:10:00
C0039,INV17588,Eggs,6,2.4,2026-04-02 11:56:00
C0056,INV12308,Rice,5,9.68,2026-04-04 17:41:00
C0134,INV15594,Banana,2,6.63,2026-02-16 17:54:00
C0111,INV10656,Snacks,2,4.39,2026-03-20 17:04:00
C0040,INV18152,Butter,1,3.25,2026-04-22 12:35:00
C0205,INV11429,Yogurt,1,8.62,2026-01-22 22:18:00
C0042,INV11117,Onion,5,7.05,2026-01-12 09:11:00
C0182,INV17549,Onion,4,17.63,2026-04-08 22:28:00
C0167,INV12302,Butter,5,9.2,2026-02-16 21:18:00
C0103,INV16702,Diapers,6,3.02,2026-02-16 16:54:00
C0160,INV15139,Juice,1,12.53,2026-03-06 15:16:00
C0175,INV10700,Diapers,6,1.78,2026-04-12 11:44:00
C0211,INV10131,Cheese,1,5.8,2026-01-21 17:25:00
C0219,INV11196,Tomato,4,15.84,2026-03-27 09:22:00
C0120,INV17676,Steak,4,2.68,2026-01-24 19:06:00
C0102,INV17097,Chicken,4,6.45,2026-02-10 13:38:00
C0125,INV13484,Yogurt,1,5.59,2026-01-05 16:09:00
C0121,INV12385,Chicken,3,10.57,2026-03-18 20:24:00
C0016,INV15923,Apple,4,4.47,2026-01-28 21:01:00
C0195,INV16930,Onion,3,11.73,2026-01-11 10:04:00
C0071,INV16637,Eggs,3,15.83,2026-02-27 21:26:00
C0135,INV13508,Onion,2,15.09,2026-01-12 22:57:00
C0110,INV15604,Oil,2,4.22,2026-05-01 14:30:00
C0122,INV18774,Rice,6,8.31,2026-04-27 19:36:00
C0100,INV10163,Steak,5,4.22,2026-04-03 18:37:00
C0158,INV12370,Cereal,6,17.77,2026-05-01 19:47:00
C0212,INV15186,Bread,2,16.22,2026-04-30 10:31:00
C0082,INV11862,Apple,3,9.76,2026-01-01 15:53:00
C0220,INV12060,Banana,6,17.47,2026-01-13 08:13:00
C0191,INV13075,Apple,6,10.19,2026-01-22 17:24:00
C0056,INV15704,Chicken,2,17.51,2026-03-15 08:23:00
C0209,INV15961,Bread,3,16.22,2026-03-06 21:55:00
C0032,INV18178,Banana,4,7.86,2026-02-15 21:34:00
C0110,INV18572,Cereal,1,16.73,2026-02-28 14:23:00
C0046,INV12665,Steak,4,7.36,2026-04-19 18:44:00
C0175,INV17168,Oil,6,11.47,2026-04-29 22:54:00
C0026,INV11436,Butter,1,11.97,2026-03-20 22:26:00
C0027,INV18134,Diapers,5,2.51,2026-02-26 16:37:00
C0207,INV10535,Oil,4,4.44,2026-04-10 15:35:00
C0098,INV11876,Chicken,4,17.15,2026-02-14 20:58:00
C0119,INV16766,Snacks,1,16.96,2026-04-11 11:32:00
C0073,INV14385,Onion,3,15.22,2026-04-12 22:26:00
C0173,INV13958,Bread,4,1.36,2026-01-04 10:50:00
C0096,INV18503,Diapers,3,6.56,2026-03-15 14:15:00
C0143,INV16413,Chicken,5,11.88,2026-04-17 08:51:00
C0148,INV17031,Cheese,6,7.52,2026-04-04 10:25:00
C0082,INV18476,Rice,4,4.77,2026-04-01 20:08:00
C0130,INV11940,Wine,4,15.3,2026-03-22 22:16:00
C0215,INV12606,Cereal,2,2.4,2026-01-04 14:00:00
C0161,INV12508,Bread,5,12.97,2026-04-28 09:36:00
C0098,INV10415,Cheese,4,11.71,2026-04-10 13:11:00
C0062,INV13634,Oil,2,10.01,2026-02-01 19:49:00
C0207,INV16195,Onion,6,1.69,2026-01-11 22:09:00
C0161,INV10380,Wine,1,2.71,2026-04-29 17:07:00
C0028,INV12324,Oil,3,16.19,2026-01-12 09:31:00
C0217,INV15922,Chicken,4,2.53,2026-04-12 08:26:00
C0019,INV17972,Eggs,2,12.62,2026-02-18 22:20:00
C0163,INV17388,Rice,2,5.94,2026-04-26 10:42:00
C0146,INV10516,Butter,3,17.89,2026-03-03 17:38:00
C0140,INV10083,Rice,5,13.56,2026-04-29 09:12:00
C0156,INV10485,Steak,1,9.71,2026-04-08 10:13:00
C0094,INV11881,Chicken,1,6.43,2026-01-29 09:46:00
C0178,INV12074,Onion,3,9.08,2026-01-12 13:45:00
C0142,INV14823,Banana,6,14.72,2026-02-25 16:25:00
C0050,INV14098,Rice,2,12.62,2026-04-24 19:17:00
C0101,INV11686,Wine,5,6.16,2026-04-12 11:46:00
C0125,INV17102,Banana,4,11.06,2026-02-04 21:20:00
C0160,INV11763,Diapers,4,8.18,2026-03-14 13:23:00
C0162,INV11053,Banana,2,16.1,2026-03-07 12:37:00
C0105,INV14809,Diapers,6,17.15,2026-03-09 13:25:00
C0008,INV11879,Rice,3,8.19,2026-01-24 13:15:00
C0019,INV13526,Juice,3,3.29,2026-02-10 09:00:00
C0082,INV10179,Cereal,2,8.8,2026-04-12 13:57:00
C0060,INV11086,Snacks,3,11.15,2026-03-09 11:06:00
C0144,INV14556,Diapers,6,2.09,2026-04-25 18:26:00
C0175,INV17131,Cereal,3,4.21,2026-01-07 20:31:00
C0128,INV10767,Onion,4,2.85,2026-02-27 10:38:00
C0084,INV16273,Tomato,5,1.17,2026-01-03 18:50:00
C0220,INV10077,Banana,3,3.05,2026-02-21 08:57:00
C0137,INV18643,Milk,3,11.89,2026-01-09 15:06:00
C0213,INV16801,Oil,3,6.26,2026-02-14 14:05:00
C0143,INV15132,Yogurt,5,1.61,2026-02-08 19:29:00
C0127,INV11990,Juice,5,2.57,2026-01-29 08:52:00
C0003,INV12274,Butter,3,15.62,2026-04-03 14:14:00
C0044,INV11443,Chicken,6,16.32,2026-02-17 21:57:00
C0138,INV10081,Milk,3,15.99,2026-01-06 09:03:00
C0078,INV11230,Onion,3,12.63,2026-04-12 20:24:00
C0070,INV12791,Cheese,5,8.72,2026-01-17 13:55:00
C0038,INV16772,Banana,6,2.9,2026-03-09 11:36:00
C0123,INV18030,Onion,3,14.09,2026-03-03 11:05:00
C0068,INV14854,Eggs,3,10.41,2026-04-22 11:42:00
C0166,INV13374,Eggs,1,17.51,2026-01-08 11:00:00
C0172,INV13542,Banana,4,4.03,2026-01-14 13:13:00
C0209,INV18645,Granola,3,13.88,2026-02-09 19:29:00
C0168,INV12524,Granola,1,16.52,2026-01-29 22:23:00
C0099,INV17413,Diapers,5,4.29,2026-02-21 11:04:00
C0072,INV16932,Rice,6,6.08,2026-04-22 17:41:00
C0027,INV12414,Banana,1,13.61,2026-01-31 08:57:00
C0118,INV13065,Onion,1,8.99,2026-03-09 15:22:00
C0068,INV11939,Steak,1,6.9,2026-01-28 10:25:00
C0129,INV17060,Granola,3,1.71,2026-02-04 13:06:00
C0013,INV16268,Apple,2,5.86,2026-02-21 10:38:00
C0071,INV18677,Diapers,4,9.72,2026-01-14 18:03:00
C0166,INV14079,Butter,2,2.78,2026-04-25 08:36:00
C0069,INV13912,Eggs,5,2.54,2026-01-29 22:39:00
C0180,INV16629,Snacks,4,2.54,2026-04-04 21:56:00
C0178,INV14396,Yogurt,2,3.74,2026-01-27 13:40:00
C0074,INV14719,Bread,1,3.98,2026-04-27 19:39:00
C0123,INV15003,Tomato,2,6.22,2026-01-09 10:11:00
C0086,INV17459,Cheese,1,12.26,2026-02-24 13:01:00
C0046,INV14323,Eggs,2,12.48,2026-04-20 08:38:00
C0091,INV17764,Wine,1,9.2,2026-02-01 15:07:00
C0012,INV10285,Wine,6,17.84,2026-04-17 11:33:00
C0129,INV12742,Cheese,1,2.52,2026-04-13 19:21:00
C0116,INV18040,Juice,5,5.23,2026-03-04 12:23:00
C0118,INV10223,Juice,3,13.01,2026-04-25 16:49:00
C0170,INV17936,Butter,3,12.6,2026-04-04 18:01:00
C0038,INV16723,Tomato,6,17.9,2026-02-15 15:01:00
C0063,INV17057,Juice,2,13.6,2026-01-25 22:24:00
C0164,INV11769,Onion,6,12.48,2026-04-26 22:28:00
C0135,INV12867,Onion,6,6.8,2026-02-12 14:37:00
C0107,INV14527,Oil,2,1.51,2026-03-08 19:21:00
C0214,INV12015,Apple,4,10.55,2026-04-12 20:22:00
C0074,INV11806,Bread,4,16.75,2026-01-19 15:43:00
C0039,INV18572,Oil,5,10.4,2026-01-21 12:31:00
C0074,INV11059,Oil,1,8.61,2026-01-28 12:52:00
C0152,INV12023,Milk,4,6.06,2026-02-25 13:42:00
C0214,INV10011,Milk,3,3.17,2026-04-23 12:50:00
C0220,INV18225,Steak,2,17.2,2026-04-02 12:09:00
C0188,INV13224,Apple,5,16.59,2026-02-07 11:02:00
C0122,INV15811,Tomato,6,11.76,2026-02-24 14:57:00
C0026,INV14281,Oil,5,6.14,2026-03-14 14:43:00
C0083,INV12281,Chicken,3,3.13,2026-03-12 11:19:00
C0079,INV11403,Oil,5,16.75,2026-03-01 16:11:00
C0097,INV17159,Butter,2,9.86,2026-03-30 13:32:00
C0176,INV15859,Banana,3,8.16,2026-02-23 14:29:00
C0008,INV10433,Apple,1,13.8,2026-03-20 22:19:00
C0202,INV13976,Wine,5,7.22,2026-03-21 16:57:00
C0145,INV14807,Milk,4,2.97,2026-03-27 08:29:00
C0207,INV18488,Banana,1,2.26,2026-02-04 21:41:00
C0028,INV15464,Diapers,1,14.94,2026-03-14 15:44:00
C0085,INV10998,Butter,6,10.86,2026-03-07 19:45:00
C0014,INV13360,Granola,2,10.47,2026-03-05 10:14:00
C0173,INV12536,Oil,6,6.15,2026-04-30 08:51:00
C0125,INV13289,Butter,1,0.8,2026-03-19 22:07:00
C0134,INV11588,Tomato,2,2.58,2026-01-04 21:32:00
C0114,INV16402,Milk,1,5.96,2026-03-03 10:52:00
C0061,INV18958,Onion,5,12.52,2026-04-20 18:39:00
C0032,INV17084,Cheese,6,1.17,2026-01-19 21:47:00
C0169,INV13944,Rice,5,13.56,2026-03-11 11:30:00
C0123,INV14752,Oil,6,2.52,2026-03-17 15:23:00
C0171,INV14509,Snacks,4,12.8,2026-01-14 15:26:00
C0209,INV16961,Cheese,1,5.67,2026-01-16 17:24:00
C0003,INV14961,Milk,6,11.99,2026-03-26 17:28:00
C0011,INV15812,Cheese,4,15.98,2026-02-28 12:00:00
C0041,INV15862,Granola,5,4.43,2026-04-26 19:33:00
C0100,INV18406,Eggs,2,12.08,2026-02-15 18:46:00
C0145,INV15559,Banana,6,15.57,2026-01-18 12:50:00
C0196,INV14964,Snacks,1,16.56,2026-03-24 15:24:00
C0121,INV12956,Wine,6,16.75,2026-04-10 18:33:00
C0067,INV12121,Cereal,5,17.23,2026-02-14 17:39:00
C0213,INV16616,Eggs,1,1.31,2026-04-04 10:14:00
C0025,INV11741,Yogurt,6,8.99,2026-04-08 11:49:00
C0207,INV13877,Butter,2,13.32,2026-02-19 20:26:00
C0017,INV11015,Diapers,3,2.77,2026-04-19 19:04:00
C0114,INV16133,Diapers,6,15.26,2026-04-29 10:20:00
C0028,INV17365,Snacks,2,17.81,2026-03-15 16:12:00
C0051,INV14137,Yogurt,4,12.48,2026-01-29 11:47:00
C0042,INV17112,Granola,2,2.28,2026-01-04 18:42:00
C0025,INV13335,Milk,2,16.16,2026-02-16 20:26:00
C0146,INV18956,Eggs,3,3.99,2026-04-04 22:46:00
C0165,INV18654,Yogurt,2,15.12,2026-03-15 21:30:00
C0129,INV15769,Juice,5,16.28,2026-04-20 10:51:00
C0018,INV17191,Apple,6,7.27,2026-01-10 17:05:00
C0033,INV18475,Oil,1,2.83,2026-01-30 08:38:00
C0139,INV15422,Bread,2,14.93,2026-02-07 22:53:00
C0065,INV16397,Juice,1,15.81,2026-01-21 12:04:00
C0137,INV13956,Granola,5,9.4,2026-02-21 17:03:00
C0140,INV11817,Wine,4,16.92,2026-02-03 18:01:00
C0009,INV15539,Apple,3,4.25,2026-04-24 20:03:00
C0036,INV13347,Steak,6,6.47,2026-04-07 18:58:00
C0016,INV13861,Yogurt,1,14.66,2026-03-14 22:39:00
C0180,INV10580,Juice,1,17.14,2026-03-18 19:39:00
C0021,INV17845,Cheese,3,13.24,2026-01-14 08:31:00
C0130,INV13691,Juice,4,9.01,2026-04-11 21:56:00
C0059,INV10352,Milk,1,14.11,2026-04-14 11:34:00
C0156,INV16216,Bread,5,9.09,2026-02-19 20:24:00
C0179,INV12052,Apple,6,8.14,2026-01-18 09:28:00
C0031,INV16025,Juice,2,6.7,2026-04-28 08:15:00
C0060,INV11508,Wine,1,4.71,2026-04-06 20:56:00
C0207,INV18786,Wine,1,17.84,2026-01-02 21:46:00
C0064,INV10932,Eggs,1,2.98,2026-01-24 12:02:00
C0081,INV15729,Diapers,6,16.12,2026-02-07 10:38:00
C0102,INV17844,Butter,6,2.12,2026-02-02 16:13:00
C0127,INV15849,Tomato,4,13.07,2026-05-01 13:49:00
C0142,INV14796,Tomato,5,16.16,2026-02-10 19:34:00
C0129,INV11711,Milk,3,16.29,2026-04-01 17:31:00
C0072,INV11286,Chicken,2,15.27,2026-03-08 11:19:00
C0190,INV13454,Butter,3,13.27,2026-04-11 10:02:00
C0061,INV17214,Banana,1,1.17,2026-04-18 08:17:00
C0072,INV16295,Oil,1,1.83,2026-04-20 17:24:00
C0127,INV10309,Snacks,4,8.44,2026-01-29 11:24:00
C0048,INV17063,Steak,1,12.16,2026-01-05 16:48:00
C0090,INV10426,Diapers,3,16.67,2026-04-27 12:51:00
C0193,INV13548,Bread,3,13.28,2026-03-21 14:55:00
C0110,INV10936,Butter,5,7.48,2026-04-03 22:43:00
C0074,INV18762,Banana,4,10.65,2026-03-14 20:33:00
C0067,INV12664,Snacks,4,13.62,2026-04-29 11:08:00
C0004,INV14599,Onion,1,17.98,2026-04-09 16:18:00
C0087,INV16466,Milk,5,5.52,2026-02-04 18:16:00
C0201,INV10203,Butter,3,10.58,2026-02-11 21:16:00
C0217,INV12930,Banana,4,1.1,2026-01-02 15:02:00
C0092,INV17868,Steak,2,7.83,2026-03-16 09:17:00
C0157,INV15146,Eggs,4,3.89,2026-04-09 20:17:00
C0067,INV18109,Cheese,2,11.64,2026-01-19 21:39:00
C0168,INV10813,Tomato,1,12.06,2026-01-24 18:32:00
C0113,INV15200,Milk,5,13.14,2026-01-08 19:16:00
C0066,INV10265,Juice,5,13.16,2026-03-18 11:22:00
C0028,INV11270,Granola,4,2.75,2026-01-10 11:13:00
C0084,INV16085,Apple,1,11.84,2026-04-23 12:09:00
C0007,INV15351,Diapers,3,6.56,2026-02-22 22:41:00
C0096,INV17712,Oil,5,1.34,2026-02-17 08:18:00
C0039,INV10419,Butter,5,4.44,2026-02-10 16:45:00
C0200,INV18327,Wine,6,6.72,2026-01-28 14:53:00
C0150,INV10535,Cheese,4,13.92,2026-03-25 09:04:00
C0058,INV18250,Wine,6,10.23,2026-02-23 16:46:00
C0032,INV18647,Milk,5,8.92,2026-03-09 16:28:00
C0082,INV14411,Chicken,5,5.84,2026-02-01 13:15:00
C0205,INV15931,Tomato,4,6.21,2026-01-15 19:15:00
C0114,INV16717,Juice,1,6.85,2026-03-06 09:58:00
C0093,INV17933,Diapers,2,8.52,2026-02-23 11:36:00
C0212,INV12053,Steak,2,14.15,2026-02-22 18:37:00
C0171,INV12264,Diapers,3,14.49,2026-02-13 13:07:00
C0021,INV16693,Apple,5,17.71,2026-03-15 15:40:00
C0198,INV13246,Rice,4,1.07,2026-01-16 14:16:00
C0196,INV17699,Butter,2,15.75,2026-04-17 14:01:00
C0177,INV12736,Eggs,2,9.66,2026-03-09 22:24:00
C0109,INV15806,Cheese,4,12.79,2026-01-31 19:18:00
C0031,INV15519,Cereal,5,11.27,2026-01-14 19:02:00
C0019,INV15816,Banana,4,11.65,2026-04-05 21:27:00
C0075,INV17817,Cheese,6,3.96,2026-04-09 17:58:00
C0210,INV18346,Eggs,2,16.2,2026-03-17 17:23:00
C0173,INV17431,Snacks,3,8.34,2026-03-07 19:37:00
C0072,INV11588,Tomato,3,9.28,2026-01-07 17:33:00
C0135,INV18327,Apple,3,6.35,2026-02-10 20:11:00
C0037,INV10688,Chicken,4,9.73,2026-03-15 22:39:00
C0081,INV11630,Juice,3,3.65,2026-02-06 12:31:00
C0113,INV13665,Rice,3,16.95,2026-02-03 17:48:00
C0028,INV13796,Onion,2,2.45,2026-03-12 21:32:00
C0194,INV12767,Bread,5,16.32,2026-04-25 16:34:00
C0205,INV13198,Bread,4,15.12,2026-01-04 13:13:00
C0073,INV16988,Banana,5,2.97,2026-02-28 12:58:00
C0029,INV11966,Banana,4,9.28,2026-01-12 21:08:00
C0072,INV11909,Juice,1,13.6,2026-01-29 19:04:00
C0084,INV12568,Granola,3,5.55,2026-03-22 19:32:00
C0173,INV11214,Cereal,1,8.25,2026-04-30 19:50:00
C0134,INV15203,Chicken,5,12.17,2026-04-23 18:02:00
C0163,INV10131,Tomato,2,10.89,2026-04-22 11:43:00
C0051,INV14347,Yogurt,2,9.13,2026-01-24 19:31:00
C0073,INV12160,Chicken,6,15.86,2026-03-08 21:46:00
C0192,INV13510,Bread,4,1.96,2026-03-13 17:13:00
C0182,INV12919,Milk,4,12.63,2026-03-20 14:40:00
C0150,INV13846,Juice,4,9.92,2026-01-24 22:19:00
C0216,INV13800,Oil,6,9.14,2026-04-12 18:25:00
C0154,INV15852,Steak,4,5.88,2026-01-29 09:56:00
C0194,INV14707,Apple,4,6.4,2026-03-26 14:07:00
C0046,INV17615,Cereal,6,2.75,2026-03-31 14:45:00
C0033,INV17926,Yogurt,5,7.89,2026-01-31 08:18:00
C0069,INV18315,Chicken,4,1.85,2026-04-09 13:16:00
C0173,INV15204,Apple,4,14.72,2026-02-24 14:16:00
C0014,INV14397,Yogurt,6,4.57,2026-03-23 21:02:00
C0079,INV17335,Apple,2,10.65,2026-01-22 16:13:00
C0200,INV11808,Diapers,5,6.47,2026-03-19 16:01:00
C0185,INV10346,Snacks,1,14.22,2026-02-12 22:22:00
C0197,INV11040,Milk,5,4.42,2026-03-10 11:10:00
C0215,INV18777,Snacks,6,4.74,2026-04-13 10:58:00
C0096,INV15432,Apple,2,10.31,2026-02-01 08:02:00
C0217,INV10329,Granola,1,9.43,2026-04-12 15:02:00
C0041,INV14639,Oil,1,4.76,2026-04-09 19:15:00
C0009,INV14464,Butter,4,12.07,2026-01-17 21:47:00
C0070,INV11392,Eggs,1,9.48,2026-04-01 20:46:00
C0107,INV10331,Bread,6,15.08,2026-03-19 22:09:00
C0025,INV16409,Chicken,5,15.58,2026-04-11 13:27:00
C0132,INV10384,Oil,3,8.69,2026-01-13 12:41:00
C0148,INV17724,Snacks,3,8.19,2026-01-29 14:35:00
C0072,INV17920,Oil,6,9.97,2026-02-01 14:01:00
C0128,INV16450,Juice,5,13.09,2026-02-27 11:36:00
C0007,INV16511,Tomato,4,7.16,2026-03-14 09:41:00
C0080,INV15447,Cheese,6,17.58,2026-01-13 16:10:00
C0054,INV18026,Wine,2,2.24,2026-02-21 17:53:00
C0122,INV18576,Wine,2,1.81,2026-03-05 12:26:00
C0080,INV15536,Cheese,1,6.33,2026-03-14 17:26:00
C0002,INV14394,Chicken,5,14.47,2026-03-11 15:20:00
C0167,INV13863,Cereal,4,12.99,2026-03-07 16:54:00
C0190,INV11335,Butter,4,12.83,2026-02-18 10:48:00
C0004,INV12656,Granola,6,2.89,2026-01-26 15:55:00
C0030,INV10640,Apple,4,3.74,2026-04-13 16:31:00
C0036,INV18964,Apple,4,0.96,2026-01-16 14:18:00
C0185,INV14442,Granola,3,11.38,2026-02-17 17:41:00
C0043,INV12319,Oil,5,12.58,2026-04-13 17:45:00
C0096,INV18510,Diapers,3,8.92,2026-01-27 22:21:00
C0192,INV12218,Rice,5,13.1,2026-03-02 08:20:00
C0107,INV12937,Cheese,4,1.95,2026-01-01 12:44:00
C0049,INV13265,Butter,5,8.69,2026-01-13 08:39:00
C0120,INV12564,Eggs,3,11.75,2026-04-24 11:22:00
C0161,INV10232,Chicken,3,5.69,2026-04-27 21:27:00
C0150,INV15010,Juice,5,13.99,2026-04-30 12:35:00
C0139,INV13320,Eggs,5,3.42,2026-04-04 11:17:00
C0046,INV14308,Wine,1,2.98,2026-03-08 17:41:00
C0197,INV16275,Cereal,5,14.08,2026-03-17 17:17:00
C0207,INV17757,Chicken,2,0.85,2026-01-30 11:05:00
C0206,INV12401,Cheese,2,8.98,2026-01-01 13:04:00
C0014,INV12245,Granola,4,8.12,2026-03-02 13:19:00
C0129,INV11922,Tomato,5,7.56,2026-04-10 14:45:00
C0122,INV15817,Oil,5,6.25,2026-01-11 22:38:00
C0216,INV13505,Rice,6,15.14,2026-04-02 10:53:00
C0112,INV17236,Yogurt,6,14.37,2026-03-29 09:35:00
C0112,INV15705,Rice,1,15.7,2026-04-20 15:49:00
C0172,INV15669,Apple,2,11.41,2026-04-23 22:12:00
C0098,INV16131,Rice,6,17.92,2026-01-26 15:23:00
C0135,INV13194,Bread,5,6.14,2026-01-13 22:23:00
C0065,INV18238,Bread,5,5.5,2026-03-24 12:41:00
C0123,INV16526,Milk,6,12.91,2026-02-05 18:03:00
C0147,INV10499,Yogurt,5,11.67,2026-03-04 10:30:00
C0192,INV18939,Butter,1,7.16,2026-03-20 22:45:00
C0040,INV12899,Cheese,1,8.02,2026-04-19 09:03:00
C0114,INV11022,Cereal,1,15.56,2026-02-05 21:12:00
C0168,INV10274,Cereal,6,15.39,2026-02-10 22:45:00
C0044,INV16001,Granola,1,16.98,2026-02-21 14:53:00
C0171,INV11008,Eggs,2,14.99,2026-03-06 10:46:00
C0069,INV11376,Rice,4,1.57,2026-03-19 11:44:00
C0130,INV16706,Rice,6,13.65,2026-04-18 08:19:00
C0071,INV15746,Butter,3,8.82,2026-04-18 19:05:00
C0145,INV17586,Eggs,1,16.59,2026-01-24 19:05:00
C0048,INV15202,Wine,6,17.41,2026-04-09 10:50:00
C0003,INV13564,Juice,4,2.2,2026-04-03 11:19:00
C0215,INV13131,Cheese,3,1.72,2026-04-01 12:11:00
C0072,INV12301,Wine,3,7.92,2026-04-17 11:17:00
C0052,INV12902,Oil,3,12.8,2026-02-03 09:31:00
C0091,INV15958,Juice,6,9.8,2026-04-17 18:43:00
C0213,INV12794,Milk,5,7.43,2026-03-10 17:13:00
C0180,INV17109,Juice,6,14.75,2026-04-12 12:13:00
C0088,INV18254,Steak,6,14.46,2026-01-12 16:49:00
C0054,INV14231,Chicken,4,5.29,2026-04-29 09:33:00
C0169,INV13055,Yogurt,2,8.84,2026-02-11 13:36:00
C0097,INV10555,Cereal,6,2.6,2026-02-15 21:57:00
C0003,INV12601,Apple,4,6.56,2026-03-24 22:06:00
C0048,INV15866,Oil,2,8.83,2026-01-24 20:01:00
C0113,INV17479,Wine,5,12.75,2026-04-04 14:30:00
C0214,INV13991,Onion,6,7.22,2026-02-13 15:43:00
C0103,INV14919,Milk,2,13.93,2026-04-26 22:32:00
C0028,INV16898,Apple,3,17.21,2026-02-21 17:01:00
C0042,INV18392,Rice,3,16.05,2026-03-31 16:12:00
C0146,INV12287,Cheese,6,6.53,2026-01-07 09:19:00
C0203,INV12318,Juice,4,7.61,2026-02-28 08:42:00
C0038,INV13284,Rice,3,6.09,2026-01-24 11:54:00
C0053,INV17153,Eggs,6,5.01,2026-03-29 16:54:00
C0199,INV16132,Bread,4,3.54,2026-01-13 15:35:00
C0176,INV16457,Chicken,4,12.3,2026-04-17 15:45:00
C0063,INV11570,Snacks,2,6.28,2026-04-30 10:25:00
C0198,INV15360,Oil,6,13.36,2026-02-24 17:25:00
C0137,INV11175,Juice,4,12.32,2026-03-17 08:14:00
C0156,INV12919,Tomato,3,7.03,2026-03-06 21:00:00
C0157,INV16524,Eggs,6,4.76,2026-03-05 11:02:00
C0055,INV14947,Apple,1,6.64,2026-03-25 10:27:00
C0039,INV14669,Oil,4,12.41,2026-03-03 08:16:00
C0108,INV12942,Rice,4,12.54,2026-04-17 09:29:00
C0207,INV11354,Juice,6,13.4,2026-03-25 21:25:00
C0206,INV10201,Rice,3,3.01,2026-03-06 14:43:00
C0117,INV10190,Yogurt,6,17.31,2026-02-21 14:49:00
C0014,INV14964,Apple,3,13.56,2026-01-15 17:51:00
C0206,INV17378,Granola,3,14.23,2026-04-02 13:54:00
C0137,INV15978,Butter,2,17.67,2026-03-10 20:24:00
C0173,INV11311,Cheese,1,6.6,2026-04-30 19:37:00
C0067,INV13238,Granola,5,13.32,2026-02-28 14:03:00
C0119,INV14616,Milk,1,15.73,2026-02-28 13:03:00
C0154,INV16051,Onion,4,6.6,2026-02-07 20:52:00
